-1.46659e+09, -1.38228, 2.66981, -1.40551, 2.84788, -1.48546, 2.79044, -0.148974, 0.103785, -0.00184811, -0.00130738, 
0.200722, -1.38228, 2.66981, -1.40551, 2.84788, -1.48546, 2.79044, -0.148974, 0.103785, -0.00184811, -0.00130738, 
0.225602, -1.38228, 2.66981, -1.40551, 2.84788, -1.48546, 2.79044, -0.148974, 0.103785, -0.00184811, -0.00130738, 
0.325448, -1.38228, 2.66981, -1.40551, 2.84788, -1.48546, 2.79044, -0.148974, 0.103785, -0.00184811, -0.00130738, 
0.375208, -1.38228, 2.66981, -1.40551, 2.84788, -1.48546, 2.79044, -0.148974, 0.103785, -0.00184811, -0.00130738, 
0.450027, -1.38228, 2.66981, -1.40551, 2.84788, -1.48546, 2.79044, -0.148974, 0.103785, -0.00184811, -0.00130738, 
0.524791, -1.38228, 2.66981, -1.40551, 2.84788, -1.48546, 2.79044, -0.148974, 0.103785, -0.00184811, -0.00130738, 
0.574678, -1.38228, 2.66981, -1.40551, 2.84788, -1.48546, 2.79044, -0.148974, 0.103785, -0.00184811, -0.00130738, 
0.649456, -1.38228, 2.66981, -1.40551, 2.84788, -1.48546, 2.79044, -0.148974, 0.103785, -0.00184811, -0.00130738, 
0.699404, -1.38228, 2.66981, -1.40551, 2.84788, -1.48546, 2.79044, -0.148974, 0.103785, -0.00184811, -0.00130738, 
0.774123, -1.38228, 2.66981, -1.40551, 2.84788, -1.48546, 2.79044, -0.148974, 0.103785, -0.00184811, -0.00130738, 
0.848906, -1.38228, 2.66981, -1.40487, 2.73717, -1.48546, 2.79044, -0.148974, 0.103785, -0.00184811, -0.00130738, 
0.898797, -1.38228, 2.66981, -1.40487, 2.73717, -1.48546, 2.79044, -0.148974, 0.103785, -0.00184811, -0.00130738, 
0.973604, -1.38228, 2.66981, -1.43409, 2.76148, -1.48546, 2.79044, -0.148974, 0.103785, -0.00184811, -0.00130738, 
1.04845, -1.38228, 2.66981, -1.43409, 2.76148, -1.48546, 2.79044, -0.148974, 0.103785, -0.00184811, -0.00130738, 
1.09824, -1.38228, 2.66981, -1.45581, 2.81081, -1.48546, 2.79044, -0.148974, 0.103785, -0.00184811, -0.00130738, 
1.19795, -1.38228, 2.66981, -1.18493, 3.10045, -1.48546, 2.79044, -0.148974, 0.103785, -0.00184811, -0.00130738, 
1.22292, -1.38228, 2.66981, -1.19556, 3.11611, -1.48546, 2.79044, -0.148974, 0.103785, -0.00184811, -0.00130738, 
1.32262, -1.38228, 2.66981, -1.19556, 3.11611, -1.48546, 2.79044, -0.148974, 0.103785, -0.00184811, -0.00130738, 
1.39746, -1.38228, 2.66981, -1.32848, 2.92162, -1.48546, 2.79044, -0.148974, 0.103785, -0.00184811, -0.00130738, 
1.4473, -1.38228, 2.66981, -1.44568, 2.88566, -1.48546, 2.79044, -0.148974, 0.103785, -0.00184811, -0.00130738, 
1.52208, -1.38228, 2.66981, -1.44568, 2.88566, -1.48546, 2.79044, -0.148974, 0.103785, -0.00184811, -0.00130738, 
1.57193, -1.38228, 2.66981, -1.44568, 2.88566, -1.48546, 2.79044, -0.148974, 0.103785, -0.00184811, -0.00130738, 
1.64674, -1.38228, 2.66981, -1.45118, 2.96819, -1.48546, 2.79044, -0.148974, 0.103785, -0.00184811, -0.00130738, 
1.72156, -1.38228, 2.66981, -1.45118, 2.96819, -1.48546, 2.79044, -0.148974, 0.103785, -0.00184811, -0.00130738, 
1.77145, -1.38228, 2.66981, -1.45118, 2.96819, -1.48546, 2.79044, -0.148974, 0.103785, -0.00184811, -0.00130738, 
1.84623, -1.38228, 2.66981, -1.45118, 2.96819, -1.48546, 2.79044, -0.148974, 0.103785, -0.00184811, -0.00130738, 
1.89607, -1.38228, 2.66981, -1.45118, 2.96819, -1.48546, 2.79044, -0.148974, 0.103785, -0.00184811, -0.00130738, 
1.97084, -1.38228, 2.66981, -1.45118, 2.96819, -1.48546, 2.79044, -0.148974, 0.103785, -0.00184811, -0.00130738, 
2.04564, -1.38228, 2.66981, -1.45118, 2.96819, -1.48546, 2.79044, -0.148974, 0.103785, -0.00184811, -0.00130738, 
2.09549, -1.38228, 2.66981, -1.45118, 2.96819, -1.48546, 2.79044, -0.148974, 0.103785, -0.00184811, -0.00130738, 
2.17033, -1.38227, 2.66981, -1.40344, 3.13625, -1.48546, 2.79045, -0.148973, 0.103784, -0.00184722, -0.00130829, 
2.2451, -1.38227, 2.66982, -1.40344, 3.13625, -1.48545, 2.79045, -0.148972, 0.103783, -0.00184682, -0.00130925, 
2.295, -1.38227, 2.66982, -1.40344, 3.13625, -1.48545, 2.79045, -0.148972, 0.103783, -0.00184686, -0.00130915, 
2.36975, -1.38227, 2.66982, -1.40344, 3.13625, -1.48545, 2.79045, -0.148972, 0.103783, -0.00184646, -0.0013087, 
2.44456, -1.38227, 2.66982, -1.40342, 3.13626, -1.48545, 2.79045, -0.148972, 0.103783, -0.00184609, -0.00130854, 
2.49449, -1.38227, 2.66982, -1.47629, 3.14649, -1.48545, 2.79045, -0.148972, 0.103783, -0.00184646, -0.00130852, 
2.59412, -1.38227, 2.66982, -1.47629, 3.14649, -1.48545, 2.79045, -0.148972, 0.103783, -0.00184604, -0.00130768, 
2.61912, -1.38227, 2.66982, -1.47629, 3.14649, -1.48545, 2.79045, -0.148972, 0.103783, -0.00184604, -0.00130768, 
2.71886, -1.38227, 2.66982, -1.47629, 3.14649, -1.48545, 2.79045, -0.148972, 0.103783, -0.00184604, -0.00130768, 
2.79361, -1.38227, 2.66982, -1.47629, 3.14649, -1.48545, 2.79045, -0.148972, 0.103783, -0.00184604, -0.00130768, 
2.84348, -1.38227, 2.66982, -1.47629, 3.14649, -1.48545, 2.79045, -0.148972, 0.103783, -0.00184604, -0.00130768, 
2.91824, -1.38227, 2.66982, -1.48051, 2.83813, -1.48545, 2.79045, -0.148972, 0.103783, -0.00184604, -0.00130768, 
2.96811, -1.38227, 2.66982, -1.47594, 2.68794, -1.48545, 2.79045, -0.148972, 0.103783, -0.00184604, -0.00130768, 
3.0431, -1.38227, 2.66982, -1.47594, 2.68794, -1.48545, 2.79045, -0.148972, 0.103783, -0.00184604, -0.00130768, 
3.11771, -1.38227, 2.66982, -1.47629, 2.71259, -1.48545, 2.79045, -0.148972, 0.103783, -0.00184604, -0.00130768, 
3.16757, -1.38227, 2.66982, -1.49708, 2.80185, -1.48545, 2.79045, -0.148972, 0.103783, -0.00184604, -0.00130768, 
3.24245, -1.38227, 2.66982, -1.59682, 2.99985, -1.48545, 2.79045, -0.148972, 0.103783, -0.00184604, -0.00130768, 
3.31715, -1.38227, 2.66982, -1.53436, 2.79098, -1.48545, 2.79045, -0.148972, 0.103783, -0.00184604, -0.00130768, 
3.36702, -1.38227, 2.66982, -1.48019, 2.68165, -1.48545, 2.79045, -0.148972, 0.103783, -0.00184604, -0.00130768, 
3.46674, -1.38227, 2.66982, -1.48019, 2.68165, -1.48545, 2.79045, -0.148972, 0.103783, -0.00184604, -0.00130768, 
3.49174, -1.38227, 2.66982, -1.48019, 2.68165, -1.48545, 2.79045, -0.148972, 0.103783, -0.00184604, -0.00130768, 
3.5915, -1.38227, 2.66982, -1.44711, 2.70001, -1.48545, 2.79045, -0.148972, 0.103783, -0.00184604, -0.00130768, 
3.61633, -1.38227, 2.66982, -1.44711, 2.70001, -1.48545, 2.79045, -0.148972, 0.103783, -0.00184604, -0.00130768, 
3.71611, -1.38227, 2.66982, -1.39453, 2.72625, -1.48545, 2.79045, -0.148972, 0.103783, -0.00184604, -0.00130768, 
3.79094, -1.38227, 2.66982, -1.39453, 2.72625, -1.48545, 2.79045, -0.148972, 0.103783, -0.00184604, -0.00130768, 
3.84072, -1.38227, 2.66982, -1.28643, 2.53993, -1.48545, 2.79045, -0.148972, 0.103783, -0.00184604, -0.00130768, 
3.9155, -1.38227, 2.66982, -1.28643, 2.53993, -1.48545, 2.79045, -0.148972, 0.103783, -0.00184604, -0.00130768, 
3.99039, -1.38227, 2.66982, -1.46181, 2.69597, -1.48545, 2.79045, -0.148972, 0.103783, -0.00184604, -0.00130768, 
4.04019, -1.38227, 2.66982, -1.46181, 2.69597, -1.48545, 2.79045, -0.148972, 0.103783, -0.00184604, -0.00130768, 
4.11496, -1.38227, 2.66982, -1.46181, 2.69597, -1.48545, 2.79045, -0.148972, 0.103783, -0.00184604, -0.00130768, 
4.16484, -1.38227, 2.66982, -1.46181, 2.69597, -1.48545, 2.79045, -0.148972, 0.103783, -0.00184604, -0.00130768, 
4.23964, -1.38227, 2.66982, -1.46181, 2.69597, -1.48545, 2.79045, -0.148972, 0.103783, -0.00184604, -0.00130768, 
4.31451, -1.38227, 2.66982, -1.46181, 2.69597, -1.48545, 2.79045, -0.148972, 0.103783, -0.00184604, -0.00130768, 
4.3643, -1.38227, 2.66982, -1.46181, 2.69597, -1.48545, 2.79045, -0.148972, 0.103783, -0.00184604, -0.00130768, 
4.46403, -1.38227, 2.66982, -1.46181, 2.69597, -1.48545, 2.79045, -0.148972, 0.103783, -0.00184604, -0.00130768, 
4.48898, -1.38227, 2.66982, -1.48032, 2.68779, -1.48545, 2.79045, -0.148972, 0.103783, -0.00184604, -0.00130768, 
4.58873, -1.38227, 2.66982, -1.48032, 2.68779, -1.48545, 2.79045, -0.148972, 0.103783, -0.00184604, -0.00130768, 
4.66352, -1.38227, 2.66982, -1.48032, 2.68779, -1.48545, 2.79045, -0.148972, 0.103783, -0.00184604, -0.00130768, 
4.71334, -1.38227, 2.66982, -1.48032, 2.68779, -1.48545, 2.79045, -0.148972, 0.103783, -0.00184604, -0.00130768, 
4.78815, -1.38227, 2.66982, -1.47099, 2.67949, -1.48545, 2.79045, -0.148972, 0.103783, -0.00184604, -0.00130768, 
4.83805, -1.38227, 2.66982, -1.48349, 2.70649, -1.48545, 2.79045, -0.148972, 0.103783, -0.00184604, -0.00130768, 
4.9128, -1.38227, 2.66982, -1.48349, 2.70649, -1.48545, 2.79045, -0.148972, 0.103783, -0.00184604, -0.00130768, 
4.98761, -1.38227, 2.66982, -1.48349, 2.70649, -1.48545, 2.79045, -0.148972, 0.103783, -0.00184604, -0.00130768, 
5.03753, -1.38227, 2.66982, -1.48349, 2.70649, -1.48545, 2.79045, -0.148972, 0.103783, -0.00184604, -0.00130768, 
5.11226, -1.38106, 2.67034, -1.46102, 2.69286, -1.48423, 2.791, -0.148425, 0.103939, -0.00129478, -0.00112956, 
5.16211, -1.37937, 2.67113, -1.38474, 2.72734, -1.48235, 2.792, -0.147284, 0.104232, -0.000135544, -0.000881803, 
5.23692, -1.37661, 2.67305, -1.4341, 2.96033, -1.47904, 2.79374, -0.145084, 0.104206, 0.00208143, -0.000350489, 
5.31168, -1.37525, 2.67566, -1.4287, 2.9651, -1.47631, 2.79691, -0.139655, 0.10413, 0.00632568, -0.000678914, 
5.36156, -1.37907, 2.67651, -1.32706, 2.91721, -1.4795, 2.79543, -0.133853, 0.103927, 0.00987755, 0.000922705, 
5.46129, -1.38608, 2.67964, -1.32706, 2.91721, -1.49352, 2.7937, -0.120152, 0.10314, 0.0267199, 0.00370659, 
5.48623, -1.38743, 2.68066, -1.32706, 2.91721, -1.49309, 2.79454, -0.116555, 0.102941, 0.0278454, 0.00350423, 
5.58599, -1.39619, 2.6826, -1.32706, 2.91721, -1.51035, 2.79088, -0.10266, 0.102779, 0.0369426, 0.00365223, 
5.6358, -1.40024, 2.68324, -1.32706, 2.91721, -1.51405, 2.79417, -0.096967, 0.102693, 0.0445381, 0.0019663, 
5.71067, -1.40486, 2.68433, -1.32706, 2.91721, -1.5089, 2.79825, -0.0895573, 0.102603, 0.0484157, 0.00170797, 
5.78549, -1.41034, 2.6852, -1.32706, 2.91721, -1.50917, 2.80156, -0.0823379, 0.10231, 0.0548677, 0.000997142, 
5.83532, -1.41553, 2.68534, -1.3653, 2.92646, -1.51158, 2.80464, -0.0767411, 0.102249, 0.0606976, -0.000636259, 
5.91008, -1.42251, 2.68711, -1.50267, 2.70104, -1.51969, 2.80949, -0.0669441, 0.101477, 0.0680657, -0.00580351, 
5.98486, -1.4343, 2.68782, -1.50173, 2.77987, -1.53139, 2.81321, -0.0556242, 0.100413, 0.0792862, -0.00973691, 
6.03474, -1.44465, 2.68671, -1.50173, 2.77987, -1.54141, 2.8135, -0.0479813, 0.100272, 0.0874518, -0.0108394, 
6.13448, -1.45714, 2.68669, -1.50173, 2.77987, -1.55359, 2.80564, -0.034168, 0.100623, 0.0991445, -0.00322882, 
6.1594, -1.45843, 2.68733, -1.50173, 2.77987, -1.5614, 2.80163, -0.0310327, 0.100712, 0.104522, -0.000305903, 
6.25935, -1.47003, 2.68763, -1.54924, 2.78039, -1.57565, 2.79459, -0.0193156, 0.100296, 0.119834, 0.00716376, 
6.28403, -1.47351, 2.68764, -1.62173, 2.80929, -1.57586, 2.79717, -0.0163219, 0.100034, 0.122467, 0.00565633, 
6.38379, -1.48513, 2.68892, -1.31653, 2.9216, -1.59304, 2.79467, -0.00323547, 0.0991886, 0.132748, 0.00501548, 
6.45855, -1.49986, 2.68813, -1.29148, 2.72206, -1.5859, 2.80747, 0.0083284, 0.0984281, 0.139121, -0.00167004, 
6.50851, -1.50801, 2.68844, -1.29148, 2.72206, -1.60881, 2.80105, 0.0162855, 0.0979077, 0.148431, -0.00145453, 
6.58326, -1.5179, 2.68922, -1.32428, 2.72246, -1.61743, 2.79713, 0.0280546, 0.0977771, 0.162613, 0.0049809, 
6.63319, -1.52357, 2.68999, -1.39315, 2.68573, -1.61872, 2.79355, 0.0358264, 0.0978303, 0.16914, 0.0109717, 
6.70799, -1.53388, 2.68995, -1.40914, 2.68634, -1.63161, 2.79005, 0.0465423, 0.0979019, 0.174921, 0.0111488, 
6.78281, -1.54441, 2.69023, -1.60044, 2.88716, -1.63517, 2.7997, 0.0565056, 0.097223, 0.182818, 0.00352703, 
6.8327, -1.54938, 2.69163, -1.68094, 2.78773, -1.64521, 2.79821, 0.0635428, 0.0966657, 0.190417, 0.00385193, 
6.90737, -1.55934, 2.69257, -1.66835, 2.784, -1.65321, 2.80043, 0.074573, 0.0960707, 0.202332, 0.0034667, 
6.95719, -1.56722, 2.69286, -1.79874, 2.76572, -1.66602, 2.79804, 0.0825031, 0.0957074, 0.208776, 0.00281284, 
7.032, -1.57718, 2.69415, -1.69757, 2.77037, -1.67271, 2.80666, 0.0950985, 0.0954739, 0.226313, -0.000608487, 
7.13172, -1.59014, 2.69549, -1.72714, 2.85037, -1.68013, 2.80394, 0.110884, 0.0952758, 0.23693, 0.00366942, 
7.15664, -1.59252, 2.69605, -1.45828, 3.21009, -1.68096, 2.80349, 0.114525, 0.0952654, 0.23963, 0.00503742, 
7.25648, -1.60147, 2.6986, -1.43344, 3.0531, -1.68211, 2.80495, 0.128801, 0.0950935, 0.249804, 0.00800148, 
7.33119, -1.61327, 2.69822, -1.48537, 3.05129, -1.70251, 2.80143, 0.139763, 0.0949759, 0.267211, 0.0101552, 
7.38104, -1.6208, 2.69884, -1.47576, 2.85515, -1.70427, 2.80551, 0.147796, 0.0945262, 0.276867, 0.0100269, 
7.45582, -1.63279, 2.69977, -1.19836, 2.04182, -1.71011, 2.80639, 0.16065, 0.093911, 0.284497, 0.0100902, 
7.50568, -1.64139, 2.69989, -1.21916, 2.04274, -1.72519, 2.80895, 0.169253, 0.0937122, 0.293357, 0.00447964, 
7.58051, -1.65105, 2.70136, -1.77997, 2.76733, -1.75491, 2.79794, 0.182007, 0.0936654, 0.313187, 0.0105843, 
7.65526, -1.66279, 2.70175, -1.80129, 2.76936, -1.76964, 2.78943, 0.194014, 0.0933189, 0.319762, 0.0149043, 
7.70514, -1.67097, 2.70174, -1.74288, 2.77725, -1.77459, 2.7873, 0.201552, 0.0929463, 0.322914, 0.0160932, 
7.77994, -1.68132, 2.70258, -1.76139, 2.77811, -1.78021, 2.79082, 0.213321, 0.0927309, 0.331846, 0.0143007, 
7.82981, -1.68551, 2.70461, -1.8222, 2.74499, -1.78325, 2.79865, 0.221296, 0.0925569, 0.342753, 0.0105886, 
7.90459, -1.68749, 2.71013, -1.8222, 2.74499, -1.78651, 2.80943, 0.233725, 0.092261, 0.362072, 0.00829749, 
7.97939, -1.69191, 2.71515, -1.83241, 2.75876, -1.79529, 2.81006, 0.247039, 0.091729, 0.380699, 0.0130417, 
8.02926, -1.69127, 2.71977, -1.68979, 2.88242, -1.79474, 2.81048, 0.255429, 0.0916817, 0.382643, 0.0139611, 
8.12896, -1.69231, 2.72724, -1.7329, 2.89642, -1.79126, 2.82675, 0.271595, 0.0919476, 0.39744, 0.00742521, 
8.1539, -1.69395, 2.72851, -1.73756, 2.90093, -1.7943, 2.82815, 0.275603, 0.0919176, 0.403612, 0.00777413, 
8.25366, -1.69597, 2.73579, -1.74019, 2.90975, -1.81089, 2.8254, 0.29132, 0.0917311, 0.419452, 0.0104834, 
8.32852, -1.69442, 2.7429, -1.7538, 2.86007, -1.81277, 2.83226, 0.303707, 0.0918475, 0.438901, 0.0133785, 
8.37828, -1.69574, 2.74633, -1.75261, 2.87105, -1.80365, 2.84375, 0.312014, 0.0921003, 0.448496, 0.0119549, 
8.45308, -1.70063, 2.75026, -1.83552, 2.99638, -1.80317, 2.83889, 0.324628, 0.0923586, 0.454749, 0.0206997, 
8.50294, -1.70413, 2.75313, -1.83552, 2.99638, -1.80523, 2.84436, 0.333406, 0.0923845, 0.463578, 0.0190641, 
8.57774, -1.71025, 2.75721, -1.84816, 3.0083, -1.81534, 2.83854, 0.347171, 0.0925576, 0.471226, 0.0239765, 
8.65256, -1.71753, 2.76037, -1.78521, 2.98061, -1.83821, 2.84024, 0.360407, 0.0928433, 0.490596, 0.021065, 
8.7024, -1.72211, 2.76268, -1.78438, 2.86662, -1.83061, 2.85721, 0.369267, 0.0930015, 0.502851, 0.0149855, 
8.7772, -1.72904, 2.76616, -1.79641, 2.98815, -1.83885, 2.86249, 0.382715, 0.0933191, 0.514802, 0.0121228, 
8.82706, -1.7343, 2.76811, -1.73722, 2.86643, -1.83317, 2.86283, 0.391601, 0.0935633, 0.525012, 0.0208917, 
8.90183, -1.74845, 2.76691, -1.73722, 2.86643, -1.84033, 2.86237, 0.403397, 0.094011, 0.534704, 0.0232378, 
9.00159, -1.75857, 2.76609, -1.73722, 2.86643, -1.85562, 2.85905, 0.411484, 0.0940795, 0.537995, 0.0202326, 
9.02656, -1.76057, 2.7655, -1.73722, 2.86643, -1.85865, 2.85908, 0.412478, 0.0941859, 0.540794, 0.020199, 
9.12627, -1.7599, 2.76622, -1.7681, 2.86648, -1.87805, 2.85024, 0.413053, 0.0941345, 0.542642, 0.0195943, 
9.20105, -1.7588, 2.76613, -1.79295, 2.85114, -1.87887, 2.84997, 0.411929, 0.0941742, 0.542503, 0.0193276, 
9.25091, -1.75792, 2.7664, -1.79295, 2.85114, -1.87384, 2.85324, 0.41163, 0.0941966, 0.54387, 0.0196115, 
9.32571, -1.75815, 2.76626, -1.79119, 2.85118, -1.881, 2.84987, 0.411596, 0.0941932, 0.544706, 0.0195657, 
9.37558, -1.75851, 2.76615, -1.76203, 2.87382, -1.8808, 2.85, 0.411649, 0.0941493, 0.544651, 0.0195021, 
9.45033, -1.75866, 2.7661, -1.76256, 2.87366, -1.88012, 2.85031, 0.411681, 0.094138, 0.544541, 0.0195055, 
9.50021, -1.75854, 2.76614, -1.8347, 2.88457, -1.88046, 2.85007, 0.411672, 0.0941528, 0.544487, 0.0195282, 
9.57504, -1.75998, 2.76588, -1.83603, 2.88434, -1.88198, 2.84977, 0.412711, 0.094241, 0.545474, 0.0195782, 
9.64985, -1.76259, 2.76582, -1.84059, 2.86484, -1.88546, 2.84931, 0.415053, 0.0942465, 0.548014, 0.0196201, 
9.69966, -1.76687, 2.76428, -1.8476, 2.86315, -1.88897, 2.84818, 0.416297, 0.0942456, 0.548955, 0.0193713, 
9.77461, -1.77464, 2.7622, -1.83823, 2.86781, -1.89506, 2.84701, 0.420002, 0.0943306, 0.552169, 0.0190701, 
9.84929, -1.78597, 2.75981, -1.85765, 2.86311, -1.91001, 2.8422, 0.426713, 0.0945083, 0.560368, 0.0204452, 
9.89939, -1.79673, 2.75772, -1.82848, 2.88993, -1.91853, 2.83336, 0.433465, 0.0946814, 0.563734, 0.0266292, 
9.99885, -1.82032, 2.75371, -1.82848, 2.88993, -1.94066, 2.83154, 0.448745, 0.0946567, 0.581127, 0.0263182, 
10.0238, -1.825, 2.75312, -1.86816, 2.88303, -1.93801, 2.83339, 0.452148, 0.0946429, 0.582015, 0.0265287, 
10.1236, -1.84223, 2.75005, -1.91623, 2.85142, -1.94093, 2.83536, 0.463449, 0.0947593, 0.590695, 0.0281709, 
10.1983, -1.85253, 2.74826, -1.93232, 2.85106, -1.95578, 2.83452, 0.469888, 0.0945647, 0.601465, 0.0270127, 
10.2482, -1.85863, 2.74661, -1.84867, 2.93764, -1.96494, 2.82606, 0.473403, 0.0948542, 0.60432, 0.0320149, 
10.323, -1.87182, 2.74207, -1.84867, 2.93764, -1.98535, 2.81423, 0.479334, 0.0954418, 0.611036, 0.0360815, 
10.3731, -1.88049, 2.7399, -1.87756, 2.92931, -1.99755, 2.81073, 0.484482, 0.0957188, 0.616304, 0.0355873, 
10.4476, -1.89085, 2.7393, -1.90814, 2.87174, -2.0063, 2.80864, 0.493977, 0.0960186, 0.626069, 0.0385645, 
10.5224, -1.90975, 2.735, -1.95561, 2.87615, -2.02355, 2.80324, 0.504188, 0.0954756, 0.635449, 0.039438, 
10.5723, -1.92384, 2.73128, -2.03559, 2.94746, -2.04518, 2.79996, 0.510596, 0.0947976, 0.644957, 0.0354422, 
10.6471, -1.93555, 2.72981, -1.94849, 2.91306, -2.05054, 2.8075, 0.519296, 0.0946024, 0.653664, 0.0300588, 
10.6969, -1.94226, 2.72896, -1.96723, 2.91069, -2.06067, 2.80546, 0.524313, 0.0945043, 0.658056, 0.0286146, 
10.7717, -1.95326, 2.7258, -1.95179, 2.86784, -2.06548, 2.80688, 0.530131, 0.0946391, 0.662415, 0.0269631, 
10.8466, -1.96157, 2.72425, -1.96901, 2.88439, -2.06217, 2.80902, 0.536675, 0.0951922, 0.667772, 0.0303391, 
10.8964, -1.9692, 2.7224, -2.02514, 2.85136, -2.0669, 2.80685, 0.541924, 0.0956494, 0.67399, 0.0335977, 
10.9961, -1.98842, 2.71866, -1.87707, 2.80017, -2.08632, 2.80019, 0.554227, 0.0952521, 0.687951, 0.0371525, 
11.0211, -1.98597, 2.72246, -1.94024, 2.90542, -2.08354, 2.80221, 0.557611, 0.0950493, 0.689249, 0.037722, 
11.1208, -1.96808, 2.74157, -1.94024, 2.90542, -2.05866, 2.82098, 0.569987, 0.0944408, 0.697507, 0.0398363, 
11.1956, -1.95216, 2.75554, -1.89995, 2.94122, -2.05667, 2.82284, 0.577107, 0.0943656, 0.70065, 0.0412641, 
11.2454, -1.94064, 2.76428, -2.07295, 2.81426, -2.04039, 2.83463, 0.581003, 0.094836, 0.698043, 0.0376472, 
11.3202, -1.92456, 2.77648, -1.99938, 2.83628, -2.03609, 2.83547, 0.586592, 0.0954566, 0.70373, 0.0432243, 
11.3701, -1.91527, 2.78405, -1.9731, 2.85678, -2.02439, 2.84032, 0.590484, 0.0956357, 0.708249, 0.0484865, 
11.4449, -1.89666, 2.79866, -1.95564, 2.87348, -2.0011, 2.86387, 0.597166, 0.0957178, 0.720532, 0.0466197, 
11.5197, -1.87474, 2.8159, -1.91333, 2.9061, -1.96399, 2.89692, 0.605194, 0.0956368, 0.730614, 0.0412434, 
11.5696, -1.86423, 2.82483, -1.90842, 3.12228, -1.95965, 2.90726, 0.610645, 0.0958346, 0.74149, 0.0403003, 
11.6443, -1.85195, 2.83561, -1.88171, 3.14241, -1.94638, 2.91816, 0.61849, 0.0965799, 0.751409, 0.0433778, 
11.6942, -1.84213, 2.84361, -1.83489, 3.01362, -1.93171, 2.92914, 0.623563, 0.0969999, 0.757284, 0.0443516, 
11.769, -1.82291, 2.85731, -1.83407, 2.98277, -1.91492, 2.93864, 0.630233, 0.0976362, 0.760103, 0.0459299, 
11.8438, -1.80286, 2.87105, -1.79225, 3.01003, -1.86436, 2.98777, 0.636575, 0.0982734, 0.773494, 0.0311398, 
11.8936, -1.79027, 2.88002, -1.96155, 3.10086, -1.8554, 2.9927, 0.641274, 0.0986693, 0.774743, 0.0316493, 
11.9684, -1.77504, 2.89203, -1.96155, 3.10086, -1.83992, 3.00343, 0.648851, 0.0990437, 0.781569, 0.0332629, 
12.0682, -1.75426, 2.90836, -1.96155, 3.10086, -1.82463, 3.00994, 0.659407, 0.0995874, 0.792343, 0.041996, 
12.0931, -1.74934, 2.91213, -1.90167, 3.14621, -1.8273, 3.00945, 0.662159, 0.0999507, 0.795207, 0.0430586, 
12.1928, -1.72796, 2.92756, -1.617, 3.20495, -1.80828, 3.02094, 0.672798, 0.101554, 0.805806, 0.0482298, 
12.2178, -1.72211, 2.93147, -1.58572, 3.22243, -1.80281, 3.02658, 0.675169, 0.101942, 0.809939, 0.0478943, 
12.3176, -1.69811, 2.94697, -1.49017, 2.97861, -1.78662, 3.04452, 0.684254, 0.103484, 0.822611, 0.0457307, 
12.3923, -1.67958, 2.95866, -1.44674, 3.00116, -1.74876, 3.07041, 0.691098, 0.10469, 0.827851, 0.0405969, 
12.4421, -1.66786, 2.96644, -1.41155, 2.87327, -1.73062, 3.08269, 0.696101, 0.105396, 0.837214, 0.0428797, 
12.5169, -1.65264, 2.97747, -1.41155, 2.87327, -1.71871, 3.09108, 0.704185, 0.106271, 0.845207, 0.0452532, 
12.5668, -1.64174, 2.985, -1.3754, 2.89452, -1.7181, 3.0925, 0.709717, 0.10707, 0.845669, 0.0442974, 
12.6416, -1.6246, 2.99662, -1.54852, 3.04696, -1.70851, 3.09118, 0.718189, 0.108309, 0.847884, 0.0522071, 
12.7207, -1.6052, 3.00883, -1.44174, 2.91704, -1.68979, 3.1009, 0.726847, 0.109953, 0.854919, 0.0557118, 
12.7662, -1.59373, 3.01574, -1.41566, 3.2341, -1.66392, 3.11849, 0.731718, 0.111032, 0.856067, 0.0493926, 
12.841, -1.57365, 3.02737, -1.52175, 3.22502, -1.64867, 3.1362, 0.739412, 0.112708, 0.867357, 0.0448396, 
12.9158, -1.54842, 3.04091, -1.50676, 3.22773, -1.60421, 3.15844, 0.746581, 0.114051, 0.874995, 0.0460191, 
12.9657, -1.53097, 3.05008, -1.62828, 3.10971, -1.58266, 3.16791, 0.751418, 0.114942, 0.88163, 0.0499308, 
13.0654, -1.49636, 3.06798, -1.5168, 3.21005, -1.57279, 3.16638, 0.761411, 0.116919, 0.890175, 0.0624663, 
13.0904, -1.48793, 3.0723, -1.47085, 3.23199, -1.56275, 3.16971, 0.763997, 0.117468, 0.891741, 0.0643326, 
13.1901, -1.45077, 3.09029, -1.50315, 3.20207, -1.51814, 3.18745, 0.775002, 0.120489, 0.896242, 0.0669155, 
13.2649, -1.42169, 3.10396, -1.49868, 3.23357, -1.49671, 3.20037, 0.783261, 0.122654, 0.906073, 0.0684109, 
13.3148, -1.39941, 3.1135, -1.46078, 3.23561, -1.47475, 3.20913, 0.788438, 0.124327, 0.91106, 0.0711934, 
13.3896, -1.36552, 3.12722, -1.43248, 3.28794, -1.43305, 3.23013, 0.796033, 0.127209, 0.925896, 0.0748419, 
13.4394, -1.34562, 3.13546, -1.43422, 3.2527, -1.39745, 3.2444, 0.800978, 0.128807, 0.929488, 0.074872, 
13.5142, -1.31228, 3.14899, -1.32667, 3.15235, -1.34787, 3.27468, 0.808229, 0.130701, 0.942254, 0.0674648, 
13.589, -1.27072, 3.1644, -1.38387, 3.26975, -1.30023, 3.29597, 0.815385, 0.132761, 0.955573, 0.0694527, 
13.6388, -1.24384, 3.17396, -1.38387, 3.26975, -1.26573, 3.30967, 0.820093, 0.134257, 0.962621, 0.0703955, 
13.7137, -1.20612, 3.18735, -1.38387, 3.26975, -1.22433, 3.32912, 0.827757, 0.136665, 0.969602, 0.0660963, 
13.7635, -1.17819, 3.19675, -1.38387, 3.26975, -1.19664, 3.33632, 0.833227, 0.13853, 0.975665, 0.070968, 
13.8383, -1.12636, 3.21258, -1.38387, 3.26975, -1.15583, 3.34795, 0.841234, 0.141536, 0.979527, 0.0724727, 
13.9131, -1.07024, 3.22748, -1.38387, 3.26975, -1.07159, 3.37419, 0.847736, 0.144685, 0.986765, 0.0701693, 
13.963, -1.02893, 3.23773, -1.38387, 3.26975, -1.03329, 3.38509, 0.851458, 0.146284, 0.993311, 0.0720005, 
14.0627, -0.93751, 3.2584, -1.38387, 3.26975, -0.942787, 3.40062, 0.858486, 0.148988, 0.997772, 0.0782197, 
14.0877, -0.914995, 3.26291, -1.38387, 3.26975, -0.924897, 3.40371, 0.860181, 0.149833, 0.999158, 0.0794547, 
14.1874, -0.828607, 3.27878, -1.38387, 3.26975, -0.844123, 3.41208, 0.867099, 0.153322, 0.998597, 0.0851944, 
14.2622, -0.761132, 3.2894, -1.38387, 3.26975, -0.782488, 3.42101, 0.872878, 0.15654, 1.00269, 0.0882867, 
14.312, -0.718837, 3.29506, -1.38387, 3.26975, -0.725125, 3.42811, 0.876991, 0.15927, 1.00686, 0.091709, 
14.3868, -0.656795, 3.30243, -1.38387, 3.26975, -0.650319, 3.44182, 0.883432, 0.163521, 1.01275, 0.0890374, 
14.4367, -0.619606, 3.30668, -1.38387, 3.26975, -0.621512, 3.45077, 0.888178, 0.166253, 1.0204, 0.0870373, 
14.5114, -0.584434, 3.3104, -0.623429, 3.44526, -0.564685, 3.45748, 0.893767, 0.169585, 1.02808, 0.0902308, 
14.5862, -0.588366, 3.31026, -0.584768, 3.49812, -0.571475, 3.45627, 0.895872, 0.17098, 1.02865, 0.0916122, 
14.6362, -0.593189, 3.30971, -0.593852, 3.49743, -0.574221, 3.45656, 0.89613, 0.171385, 1.02958, 0.0917404, 
14.7111, -0.595832, 3.30905, -0.193242, 2.80096, -0.595661, 3.45455, 0.895676, 0.171592, 1.03026, 0.092774, 
14.7858, -0.595947, 3.30891, -0.193242, 2.80096, -0.591837, 3.45319, 0.895311, 0.171479, 1.02597, 0.0914671, 
14.8357, -0.595528, 3.30889, -0.195115, 2.80051, -0.590048, 3.45326, 0.895246, 0.171492, 1.02576, 0.0913977, 
14.9355, -0.594995, 3.30891, -0.000693114, 3.62836, -0.588878, 3.45346, 0.895281, 0.171552, 1.02623, 0.0916249, 
14.9603, -0.594987, 3.30891, -0.000693114, 3.62836, -0.588624, 3.45357, 0.895283, 0.171552, 1.02599, 0.0913268, 
15.0599, -0.594987, 3.30891, -9.36666e-05, 3.62827, -0.588219, 3.45348, 0.895283, 0.171552, 1.02579, 0.0913126, 
15.0849, -0.594987, 3.30891, 0.0108927, 3.66328, -0.588058, 3.45348, 0.895283, 0.171552, 1.0258, 0.0913346, 
15.1847, -0.595, 3.30891, 0.010878, 3.66328, -0.587741, 3.4535, 0.895282, 0.171549, 1.02581, 0.0913589, 
15.2594, -0.595001, 3.30891, -3.12731e-05, 3.6539, -0.587831, 3.4535, 0.895283, 0.171551, 1.02583, 0.0913532, 
15.3093, -0.595004, 3.30891, 0.0482578, 3.68703, -0.587826, 3.4535, 0.895283, 0.171554, 1.02583, 0.0913559, 
15.384, -0.595004, 3.30891, -0.2864, 3.51857, -0.587829, 3.4535, 0.895283, 0.171554, 1.02583, 0.0913539, 
15.4339, -0.595004, 3.30891, -0.20013, 3.51288, -0.587831, 3.4535, 0.895283, 0.171554, 1.02583, 0.0913553, 
15.5087, -0.595004, 3.30891, -0.416571, 3.72205, -0.587827, 3.4535, 0.895283, 0.171554, 1.02583, 0.0913527, 
15.5835, -0.595004, 3.30891, -0.416571, 3.72205, -0.587827, 3.4535, 0.895283, 0.171554, 1.02583, 0.091352, 
15.6335, -0.595004, 3.30891, -0.416571, 3.72205, -0.587826, 3.4535, 0.895283, 0.171554, 1.02583, 0.0913516, 
15.7082, -0.595004, 3.30891, -0.416571, 3.72205, -0.587824, 3.4535, 0.895283, 0.171554, 1.02583, 0.0913508, 
15.7829, -0.595004, 3.30891, -0.551425, 3.47567, -0.587824, 3.4535, 0.895283, 0.171554, 1.02583, 0.0913508, 
15.8328, -0.595004, 3.30891, -0.564906, 3.43407, -0.587824, 3.4535, 0.895283, 0.171554, 1.02583, 0.0913508, 
15.9325, -0.595004, 3.30891, -0.565606, 3.49649, -0.587824, 3.4535, 0.895283, 0.171554, 1.02583, 0.0913508, 
15.9575, -0.595004, 3.30891, -0.523384, 3.49923, -0.587824, 3.4535, 0.895283, 0.171554, 1.02583, 0.0913508, 
16.0572, -0.595004, 3.30891, -0.573072, 3.41901, -0.587824, 3.4535, 0.895283, 0.171554, 1.02583, 0.0913508, 
16.132, -0.595004, 3.30891, -0.192345, 3.65774, -0.587824, 3.4535, 0.895283, 0.171554, 1.02583, 0.0913508, 
16.1819, -0.595004, 3.30891, -0.398047, 3.72479, -0.587824, 3.4535, 0.895283, 0.171554, 1.02583, 0.0913508, 
16.2567, -0.595004, 3.30891, -0.596155, 3.43793, -0.587824, 3.4535, 0.895283, 0.171554, 1.02583, 0.0913508, 
16.3065, -0.595004, 3.30891, -0.590079, 3.44917, -0.587824, 3.4535, 0.895283, 0.171554, 1.02583, 0.0913508, 
16.3813, -0.595004, 3.30891, -0.539585, 3.43452, -0.587824, 3.4535, 0.895283, 0.171554, 1.02583, 0.0913508, 
16.4312, -0.595004, 3.30891, -0.539585, 3.43452, -0.587824, 3.4535, 0.895283, 0.171554, 1.02583, 0.0913508, 
16.506, -0.595004, 3.30891, -0.420235, 3.50322, -0.587824, 3.4535, 0.895283, 0.171554, 1.02583, 0.0913508, 
16.5808, -0.595004, 3.30891, -0.56575, 3.46294, -0.587824, 3.4535, 0.895283, 0.171554, 1.02583, 0.0913508, 
16.6307, -0.595004, 3.30891, -0.516241, 3.53565, -0.587824, 3.4535, 0.895283, 0.171554, 1.02583, 0.0913508, 
16.7055, -0.595004, 3.30891, -0.516241, 3.53565, -0.587824, 3.4535, 0.895283, 0.171554, 1.02583, 0.0913508, 
16.7802, -0.595004, 3.30891, -0.533395, 3.50911, -0.587824, 3.4535, 0.895283, 0.171554, 1.02583, 0.0913508, 
16.8301, -0.595004, 3.30891, -0.431158, 3.49861, -0.587824, 3.4535, 0.895283, 0.171554, 1.02583, 0.0913508, 
16.9298, -0.595004, 3.30891, -0.476347, 3.50371, -0.587824, 3.4535, 0.895283, 0.171554, 1.02583, 0.0913508, 
16.9547, -0.595004, 3.30891, -0.476347, 3.50371, -0.587824, 3.4535, 0.895283, 0.171554, 1.02583, 0.0913508, 
17.0544, -0.595004, 3.30891, -0.604808, 3.44778, -0.587824, 3.4535, 0.895283, 0.171554, 1.02583, 0.0913508, 
17.1293, -0.595004, 3.30891, -0.596879, 3.45207, -0.587824, 3.4535, 0.895283, 0.171554, 1.02583, 0.0913508, 
17.1791, -0.595004, 3.30891, -0.596879, 3.45207, -0.587824, 3.4535, 0.895283, 0.171554, 1.02583, 0.0913508, 
17.2539, -0.595004, 3.30891, -0.5011, 3.48626, -0.587824, 3.4535, 0.895283, 0.171554, 1.02583, 0.0913508, 
17.3038, -0.595004, 3.30891, -0.462575, 3.52682, -0.587824, 3.4535, 0.895283, 0.171554, 1.02583, 0.0913508, 
17.3787, -0.598191, 3.30867, -0.637606, 3.4045, -0.590993, 3.45329, 0.895221, 0.171477, 1.02576, 0.0912636, 
17.4534, -0.616758, 3.30736, -0.545793, 3.40371, -0.609213, 3.45196, 0.895045, 0.17098, 1.02535, 0.0907731, 
17.5032, -0.639732, 3.30544, -0.545793, 3.40371, -0.631681, 3.45009, 0.895101, 0.170775, 1.0253, 0.0906504, 
17.5781, -0.683104, 3.30074, -0.545793, 3.40371, -0.67377, 3.44519, 0.895074, 0.171092, 1.02547, 0.0919055, 
17.6279, -0.721225, 3.29621, -0.545793, 3.40371, -0.704565, 3.44429, 0.895057, 0.171266, 1.02639, 0.0896194, 
17.7027, -0.774915, 3.28894, -0.727705, 3.38666, -0.762715, 3.43339, 0.894636, 0.171361, 1.02255, 0.0915951, 
17.8024, -0.841745, 3.27869, -0.741311, 3.49515, -0.851406, 3.41397, 0.893774, 0.171178, 1.01889, 0.0973902, 
17.8274, -0.861655, 3.2754, -0.846006, 3.4164, -0.854619, 3.41189, 0.893529, 0.171088, 1.01893, 0.0994266, 
17.9271, -0.940336, 3.26094, -0.938735, 3.4346, -0.921412, 3.40239, 0.892537, 0.171001, 1.02206, 0.0999248, 
17.952, -0.958264, 3.25736, -0.917596, 3.44835, -0.97541, 3.39227, 0.892326, 0.171, 1.02214, 0.100209, 
18.0517, -1.03848, 3.2404, -0.944469, 3.4457, -1.06051, 3.37948, 0.891663, 0.170848, 1.0255, 0.0970234, 
18.1265, -1.10345, 3.22548, -0.984896, 3.35174, -1.10464, 3.36864, 0.891556, 0.170617, 1.02695, 0.0993018, 
18.1764, -1.1384, 3.21712, -1.08829, 3.33007, -1.16769, 3.35054, 0.891932, 0.170534, 1.0259, 0.101996, 
18.2512, -1.18972, 3.20421, -1.13938, 3.34015, -1.20967, 3.34042, 0.893174, 0.170838, 1.02769, 0.102495, 
18.301, -1.22381, 3.19599, -1.18726, 3.38533, -1.25118, 3.33331, 0.895818, 0.171405, 1.03229, 0.100997, 
18.3758, -1.28187, 3.18112, -1.24838, 3.35183, -1.28018, 3.33069, 0.900533, 0.17252, 1.0375, 0.0982772, 
18.4507, -1.3309, 3.16831, -1.3431, 3.37869, -1.3352, 3.31174, 0.906337, 0.174125, 1.03999, 0.103505, 
18.5005, -1.36879, 3.15801, -1.26399, 3.39363, -1.38202, 3.30153, 0.911054, 0.175368, 1.04496, 0.102031, 
18.5753, -1.42268, 3.14267, -1.22774, 3.3122, -1.44366, 3.28115, 0.91906, 0.177956, 1.04984, 0.105919, 
18.6501, -1.47863, 3.12528, -1.22774, 3.3122, -1.49782, 3.26275, 0.926598, 0.180564, 1.05761, 0.111459, 
18.6999, -1.51861, 3.11202, -1.22774, 3.3122, -1.53883, 3.24992, 0.931147, 0.181961, 1.05989, 0.110601, 
18.7997, -1.59387, 3.08579, -1.46272, 3.24849, -1.61088, 3.21965, 0.939817, 0.184362, 1.0664, 0.118746, 
18.8246, -1.61198, 3.07912, -1.58623, 3.24957, -1.63458, 3.21293, 0.94181, 0.18492, 1.0695, 0.117864, 
18.9243, -1.69146, 3.04867, -1.58623, 3.24957, -1.77657, 3.14656, 0.950704, 0.187225, 1.0759, 0.128546, 
18.9742, -1.73537, 3.03112, -1.58623, 3.24957, -1.82288, 3.13039, 0.955847, 0.188352, 1.08221, 0.127134, 
19.049, -1.79953, 3.0044, -1.58623, 3.24957, -1.87773, 3.11792, 0.963523, 0.189842, 1.09701, 0.122631, 
19.1265, -1.86358, 2.97632, -1.58623, 3.24957, -1.90531, 3.11232, 0.971353, 0.191247, 1.09852, 0.114252, 
19.1737, -1.90274, 2.95844, -1.58623, 3.24957, -1.95562, 3.08657, 0.976237, 0.192069, 1.10231, 0.116972, 
19.2484, -1.96322, 2.93026, -1.58623, 3.24957, -2.01805, 3.05543, 0.984352, 0.193065, 1.11133, 0.121362, 
19.3232, -2.01788, 2.90442, -1.58623, 3.24957, -2.07778, 3.02225, 0.993043, 0.194042, 1.12001, 0.127775, 
19.3733, -2.05318, 2.88715, -1.58623, 3.24957, -2.12765, 2.99335, 0.999225, 0.195045, 1.12746, 0.13332, 
19.4479, -2.10835, 2.85876, -1.58623, 3.24957, -2.18173, 2.96401, 1.00854, 0.196703, 1.13975, 0.139329, 
19.4977, -2.1467, 2.8383, -1.58623, 3.24957, -2.25664, 2.91968, 1.0147, 0.197544, 1.14711, 0.141185, 
19.5726, -2.20144, 2.80871, -1.58623, 3.24957, -2.30912, 2.88254, 1.02357, 0.197972, 1.15354, 0.148481, 
19.6473, -2.25276, 2.78025, -1.58623, 3.24957, -2.34561, 2.86764, 1.03248, 0.198327, 1.15832, 0.141162, 
19.6972, -2.28809, 2.75958, -1.58623, 3.24957, -2.37264, 2.84651, 1.03831, 0.198691, 1.15962, 0.144251, 
19.7969, -2.3569, 2.71834, -1.58623, 3.24957, -2.44662, 2.79871, 1.04994, 0.198869, 1.1746, 0.149803, 
19.8219, -2.37304, 2.70882, -1.58623, 3.24957, -2.46654, 2.78865, 1.05324, 0.198886, 1.17952, 0.148626, 
19.9216, -2.42603, 2.67828, -1.58623, 3.24957, -2.52188, 2.7611, 1.06655, 0.199354, 1.19037, 0.141575, 
19.9965, -2.45712, 2.66145, -1.58623, 3.24957, -2.54322, 2.74413, 1.07699, 0.200091, 1.19758, 0.147677, 
20.0462, -2.47683, 2.65128, -1.58623, 3.24957, -2.55751, 2.73774, 1.08415, 0.200293, 1.20374, 0.147684, 
20.121, -2.49613, 2.64402, -1.58623, 3.24957, -2.57453, 2.74237, 1.09445, 0.200382, 1.2184, 0.141438, 
20.1709, -2.50697, 2.64077, -1.58623, 3.24957, -2.59542, 2.73495, 1.1011, 0.200295, 1.22796, 0.139746, 
20.2458, -2.52172, 2.63722, -1.58623, 3.24957, -2.60355, 2.74165, 1.11127, 0.200189, 1.23645, 0.133429, 
20.3205, -2.52896, 2.64056, -1.58623, 3.24957, -2.60881, 2.73916, 1.12192, 0.199861, 1.2456, 0.139628, 
20.3703, -2.52836, 2.64714, -1.58623, 3.24957, -2.61158, 2.74147, 1.12877, 0.199622, 1.2494, 0.138244, 
20.4452, -2.51837, 2.6633, -2.55167, 2.82385, -2.59744, 2.7642, 1.13828, 0.199857, 1.26322, 0.139265, 
20.495, -2.5105, 2.67469, -2.58383, 2.82614, -2.57623, 2.7876, 1.1442, 0.199979, 1.2652, 0.134711, 
20.5698, -2.49813, 2.69134, -2.58383, 2.82614, -2.571, 2.79156, 1.15214, 0.200144, 1.27359, 0.142543, 
20.6446, -2.50184, 2.69258, -2.58383, 2.82614, -2.58881, 2.77885, 1.15768, 0.200611, 1.28016, 0.146653, 
20.6944, -2.50782, 2.68855, -2.58383, 2.82614, -2.60465, 2.76348, 1.15915, 0.201054, 1.28006, 0.149033, 
20.7942, -2.50907, 2.688, -2.57265, 2.85159, -2.61435, 2.7524, 1.15978, 0.201121, 1.27931, 0.15149, 
20.8192, -2.509, 2.68786, -2.56416, 2.9271, -2.61755, 2.74902, 1.15963, 0.201193, 1.27911, 0.152045, 
20.9188, -2.50785, 2.68812, -2.55925, 2.9426, -2.62397, 2.74205, 1.15901, 0.201345, 1.27757, 0.152302, 
20.9936, -2.50752, 2.68832, -2.55925, 2.9426, -2.62387, 2.74189, 1.15897, 0.201376, 1.27799, 0.15292, 
21.0435, -2.50753, 2.68832, -2.55925, 2.9426, -2.62456, 2.74119, 1.15898, 0.20139, 1.27849, 0.153493, 
21.1183, -2.50754, 2.68831, -2.55925, 2.9426, -2.62495, 2.74043, 1.15901, 0.201418, 1.27823, 0.153716, 
21.1681, -2.50752, 2.68832, -2.55769, 2.94308, -2.62469, 2.74055, 1.15901, 0.201416, 1.27811, 0.15371, 
21.2429, -2.50746, 2.68837, -2.5506, 2.89492, -2.62471, 2.74069, 1.159, 0.201408, 1.27823, 0.153654, 
21.3178, -2.5075, 2.68834, -2.53786, 2.92151, -2.62466, 2.74068, 1.159, 0.201413, 1.27825, 0.153725, 
21.3676, -2.50754, 2.6883, -2.52896, 2.9223, -2.62469, 2.74066, 1.15901, 0.201419, 1.27826, 0.153734, 
21.4424, -2.50754, 2.6883, -2.59997, 2.934, -2.62467, 2.74067, 1.15901, 0.201419, 1.27825, 0.15373, 
21.5172, -2.50754, 2.6883, -2.59997, 2.934, -2.62466, 2.74067, 1.15901, 0.201419, 1.27825, 0.153732, 
21.567, -2.50754, 2.6883, -2.54483, 2.93019, -2.62464, 2.74069, 1.15901, 0.201419, 1.27825, 0.153735, 
21.6667, -2.50754, 2.6883, -2.50826, 2.91285, -2.62464, 2.74069, 1.15901, 0.201419, 1.27825, 0.15373, 
21.6917, -2.50754, 2.6883, -2.50826, 2.91285, -2.62464, 2.74069, 1.15901, 0.201419, 1.27825, 0.153732, 
21.7914, -2.50697, 2.68887, -2.50826, 2.91285, -2.62403, 2.74131, 1.15906, 0.201359, 1.27831, 0.153672, 
21.8163, -2.50508, 2.69049, -2.50559, 2.91504, -2.62213, 2.743, 1.15904, 0.201254, 1.27829, 0.153561, 
21.9161, -2.48778, 2.70474, -2.52109, 2.8951, -2.60504, 2.75762, 1.15887, 0.200795, 1.27817, 0.153071, 
21.9909, -2.46082, 2.72605, -2.51324, 2.95491, -2.57987, 2.77939, 1.15847, 0.20053, 1.27763, 0.151421, 
22.0408, -2.437, 2.74403, -2.50156, 2.9694, -2.55755, 2.79632, 1.15812, 0.200809, 1.2774, 0.15234, 
22.1155, -2.39324, 2.77618, -2.42807, 3.02044, -2.49013, 2.84801, 1.15734, 0.201257, 1.27749, 0.153447, 
22.1903, -2.3514, 2.80596, -2.38132, 3.04603, -2.44828, 2.8828, 1.15654, 0.2016, 1.27923, 0.151345, 
22.2402, -2.32387, 2.82511, -2.31184, 3.12135, -2.41837, 2.90807, 1.15605, 0.201807, 1.27994, 0.148239, 
22.315, -2.27547, 2.85775, -2.39548, 3.00896, -2.38625, 2.93124, 1.15509, 0.202127, 1.27906, 0.147149, 
22.3648, -2.24058, 2.88079, -2.13271, 2.89643, -2.35291, 2.94757, 1.15447, 0.202154, 1.27475, 0.15089, 
22.4397, -2.18991, 2.91414, -2.13271, 2.89643, -2.30228, 2.98139, 1.15408, 0.20157, 1.27157, 0.148522, 
22.5145, -2.13534, 2.94835, -1.9909, 2.98016, -2.22931, 3.0287, 1.15365, 0.201278, 1.27056, 0.147525, 
22.5644, -2.09717, 2.97097, -1.91727, 3.25403, -2.17907, 3.06019, 1.1531, 0.201407, 1.27113, 0.147573, 
22.6641, -2.0223, 3.01381, -1.79292, 3.31109, -2.09176, 3.1097, 1.15227, 0.201438, 1.26655, 0.145572, 
22.6891, -2.00273, 3.02468, -1.96793, 3.28184, -2.07406, 3.11879, 1.15209, 0.201391, 1.26531, 0.145542, 
22.7889, -1.9205, 3.06792, -1.85731, 3.334, -1.98344, 3.17099, 1.15068, 0.20137, 1.26688, 0.14341, 
22.8638, -1.86242, 3.09736, -1.94928, 3.26195, -1.91638, 3.20852, 1.15024, 0.201144, 1.27065, 0.142856, 
22.9133, -1.82304, 3.11677, -1.84572, 3.3116, -1.87027, 3.23469, 1.15008, 0.200859, 1.26964, 0.137503, 
22.9881, -1.76048, 3.14594, -1.53419, 3.20075, -1.78011, 3.28088, 1.14947, 0.200566, 1.26917, 0.131497, 
23.038, -1.7213, 3.16335, -1.5465, 3.33805, -1.7197, 3.30798, 1.14911, 0.200515, 1.26754, 0.128907, 
23.1131, -1.66061, 3.18894, -1.5465, 3.33805, -1.6677, 3.33399, 1.14837, 0.200564, 1.27164, 0.126967, 
23.1876, -1.5955, 3.21482, -1.37194, 3.39571, -1.62765, 3.34993, 1.1473, 0.200472, 1.27212, 0.127323, 
23.2374, -1.55321, 3.2311, -1.47846, 3.51476, -1.58711, 3.36374, 1.14693, 0.200341, 1.27154, 0.128949, 
23.3122, -1.48936, 3.25475, -1.29612, 3.43005, -1.51338, 3.389, 1.14659, 0.199992, 1.27098, 0.130424, 
23.3621, -1.44428, 3.27059, -1.41353, 3.22209, -1.46845, 3.40694, 1.14649, 0.199863, 1.27295, 0.12904, 
23.4369, -1.37841, 3.29264, -1.30373, 3.25744, -1.3936, 3.42811, 1.1466, 0.199721, 1.2694, 0.129833, 
23.5118, -1.31675, 3.31153, -1.28244, 3.46522, -1.32992, 3.4486, 1.14641, 0.199889, 1.26806, 0.127028, 
23.5616, -1.27315, 3.3241, -1.17866, 3.51635, -1.26996, 3.46522, 1.14616, 0.199929, 1.26392, 0.123752, 
23.6613, -1.18718, 3.34824, -1.20475, 3.36211, -1.18457, 3.48786, 1.14664, 0.19939, 1.26329, 0.122662, 
23.6862, -1.16597, 3.35395, -1.11692, 3.56638, -1.17165, 3.49041, 1.14688, 0.199207, 1.26398, 0.124076, 
23.7859, -1.07318, 3.37638, -1.11483, 3.54351, -1.06693, 3.51131, 1.14736, 0.199033, 1.26831, 0.131779, 
23.8608, -1.00646, 3.39065, -0.946355, 3.57756, -1.00489, 3.52697, 1.14769, 0.199154, 1.27004, 0.129258, 
23.9106, -0.963353, 3.39898, -0.830803, 3.60698, -0.963613, 3.53568, 1.14775, 0.199307, 1.27141, 0.12919, 
23.9854, -0.894429, 3.4108, -0.797283, 3.61008, -0.860013, 3.55172, 1.14758, 0.199741, 1.26942, 0.128961, 
24.0353, -0.851018, 3.41776, -0.755762, 3.63633, -0.820514, 3.55455, 1.14779, 0.199959, 1.26818, 0.131731, 
24.11, -0.804359, 3.42477, -0.755762, 3.63633, -0.776587, 3.56395, 1.14814, 0.200094, 1.26747, 0.126399, 
24.1848, -0.795944, 3.42595, -0.650773, 3.64735, -0.775143, 3.56611, 1.14831, 0.200232, 1.26868, 0.124849, 
24.2348, -0.797359, 3.42572, -0.604465, 3.42961, -0.775128, 3.56621, 1.14826, 0.200233, 1.2681, 0.124193, 
24.3095, -0.797937, 3.42566, -0.606459, 3.42943, -0.782727, 3.56634, 1.14827, 0.200224, 1.27043, 0.124813, 
24.3843, -0.798005, 3.42564, -0.74419, 3.41254, -0.792911, 3.56541, 1.14826, 0.200224, 1.27199, 0.125687, 
24.4341, -0.798005, 3.42564, -0.625937, 3.51402, -0.792642, 3.56549, 1.14826, 0.200224, 1.27201, 0.125639, 
24.5339, -0.798005, 3.42564, -0.46446, 3.60011, -0.79258, 3.56552, 1.14826, 0.200224, 1.27201, 0.125611, 
24.5588, -0.798005, 3.42564, -0.460294, 3.51112, -0.792581, 3.56552, 1.14826, 0.200224, 1.27201, 0.125611, 
24.6585, -0.798005, 3.42564, -0.460294, 3.51112, -0.792488, 3.56555, 1.14826, 0.200224, 1.27201, 0.125593, 
24.7333, -0.798005, 3.42564, -0.683692, 3.48124, -0.791333, 3.56588, 1.14826, 0.200224, 1.27202, 0.125361, 
24.7832, -0.798005, 3.42564, -0.627991, 3.54015, -0.790109, 3.56624, 1.14826, 0.200224, 1.27203, 0.125102, 
24.8579, -0.798005, 3.42564, -0.654059, 3.55411, -0.790109, 3.56624, 1.14826, 0.200224, 1.27203, 0.125102, 
24.9078, -0.798005, 3.42564, -0.663886, 3.75273, -0.789861, 3.56631, 1.14826, 0.200224, 1.27203, 0.125057, 
24.9826, -0.798005, 3.42564, -0.621407, 3.5683, -0.787124, 3.5671, 1.14826, 0.200224, 1.27205, 0.124498, 
25.0325, -0.798005, 3.42564, -0.621407, 3.5683, -0.785697, 3.56748, 1.14826, 0.200224, 1.27204, 0.124229, 
25.1073, -0.798005, 3.42564, -0.60478, 3.45215, -0.784174, 3.56788, 1.14826, 0.200224, 1.27202, 0.123947, 
25.182, -0.798005, 3.42564, -0.628195, 3.65321, -0.784174, 3.56788, 1.14826, 0.200224, 1.27202, 0.123947, 
25.232, -0.798005, 3.42564, -0.657151, 3.60964, -0.784174, 3.56788, 1.14826, 0.200224, 1.27202, 0.123947, 
25.3068, -0.797741, 3.42567, -0.793758, 3.82702, -0.783915, 3.56791, 1.14827, 0.200233, 1.27203, 0.123957, 
25.3815, -0.790232, 3.42675, -0.574797, 3.69881, -0.776235, 3.56892, 1.14837, 0.200267, 1.27211, 0.123987, 
25.4314, -0.776983, 3.4286, -0.758067, 3.76717, -0.762953, 3.57071, 1.14859, 0.200361, 1.27239, 0.124061, 
25.5311, -0.738125, 3.43374, -0.806062, 3.71809, -0.725396, 3.5748, 1.14948, 0.200851, 1.2733, 0.125337, 
25.5561, -0.727139, 3.43512, -0.751894, 3.725, -0.720277, 3.5752, 1.14975, 0.200999, 1.27376, 0.125966, 
25.6558, -0.682485, 3.44049, -0.3955, 3.51709, -0.659532, 3.58066, 1.15086, 0.201413, 1.27574, 0.128766, 
25.7306, -0.651686, 3.4437, -0.318287, 3.5182, -0.617415, 3.58396, 1.15142, 0.201731, 1.27171, 0.125694, 
25.7804, -0.629141, 3.44586, -0.503674, 3.35549, -0.593471, 3.58778, 1.15186, 0.202006, 1.27289, 0.124154, 
25.8552, -0.594459, 3.4488, -0.567678, 3.58936, -0.578974, 3.58849, 1.15251, 0.202518, 1.27273, 0.124487, 
25.9051, -0.572911, 3.4505, -0.402858, 3.78235, -0.570428, 3.58889, 1.15295, 0.202802, 1.27309, 0.125076, 
25.9798, -0.538893, 3.45292, -0.224687, 3.6807, -0.545259, 3.59226, 1.15359, 0.203199, 1.27752, 0.12674, 
26.0546, -0.504759, 3.45476, -0.32455, 3.65942, -0.482887, 3.59596, 1.15394, 0.203658, 1.27821, 0.126812, 
26.1045, -0.480893, 3.45583, -0.263054, 3.65864, -0.447302, 3.59619, 1.15414, 0.203972, 1.27748, 0.127734, 
26.1793, -0.44238, 3.45739, -0.517718, 3.71258, -0.425371, 3.59828, 1.15473, 0.20446, 1.28163, 0.129587, 
26.2292, -0.417717, 3.45811, -0.449742, 3.7155, -0.397224, 3.59908, 1.15509, 0.204823, 1.28201, 0.129763, 
26.304, -0.384078, 3.45892, -0.54879, 3.76074, -0.343254, 3.59766, 1.15565, 0.205232, 1.28048, 0.13124, 
26.3788, -0.376882, 3.45901, -0.433548, 3.69147, -0.327702, 3.59561, 1.15583, 0.205423, 1.27808, 0.1319, 
26.4286, -0.378709, 3.45899, -0.488742, 3.6452, -0.324061, 3.59571, 1.15586, 0.205448, 1.27771, 0.131449, 
26.5283, -0.379235, 3.45897, -0.491217, 3.64509, -0.321178, 3.59914, 1.15588, 0.205471, 1.28235, 0.131001, 
26.5533, -0.379286, 3.45897, -0.34078, 3.61425, -0.316151, 3.599, 1.15588, 0.205476, 1.28204, 0.130908, 
26.653, -0.379298, 3.45897, -0.34078, 3.61425, -0.306006, 3.59955, 1.15588, 0.205476, 1.28214, 0.130214, 
26.7278, -0.379283, 3.45897, -0.34078, 3.61425, -0.306309, 3.59985, 1.15588, 0.205476, 1.28238, 0.130021, 
26.7777, -0.379283, 3.45897, -0.34078, 3.61425, -0.306986, 3.59981, 1.15588, 0.205476, 1.28229, 0.130007, 
26.8525, -0.378906, 3.45898, -0.34078, 3.61425, -0.304772, 3.59923, 1.15589, 0.205473, 1.28125, 0.129817, 
26.9023, -0.375708, 3.45903, -0.34078, 3.61425, -0.301209, 3.59921, 1.15586, 0.205444, 1.28123, 0.129803, 
26.9771, -0.360594, 3.45927, -0.34078, 3.61425, -0.293424, 3.59913, 1.15585, 0.20539, 1.28103, 0.129657, 
27.0519, -0.340612, 3.45941, -0.300412, 3.61424, -0.290949, 3.59974, 1.1561, 0.205619, 1.28289, 0.130477, 
27.1018, -0.325134, 3.45948, -0.152904, 3.53181, -0.287447, 3.59981, 1.15626, 0.205724, 1.28329, 0.1307, 
27.1767, -0.300541, 3.4594, -0.135198, 3.91126, -0.238916, 3.59752, 1.15652, 0.205958, 1.27984, 0.129567, 
27.2265, -0.281991, 3.45927, -0.0863492, 3.90861, -0.192635, 3.59517, 1.15675, 0.206088, 1.27802, 0.129229, 
27.3012, -0.253117, 3.45891, 0.112497, 3.65094, -0.175751, 3.59577, 1.1571, 0.206265, 1.27935, 0.128728, 
27.4011, -0.21622, 3.45806, 0.116765, 3.73634, -0.126161, 3.59351, 1.15746, 0.206435, 1.28018, 0.129314, 
27.4259, -0.206695, 3.45778, 0.112745, 3.58538, -0.123959, 3.59205, 1.15753, 0.206467, 1.27993, 0.130873, 
27.5257, -0.187063, 3.45691, 0.375512, 3.72716, -0.129951, 3.58896, 1.15763, 0.206739, 1.27822, 0.133941, 
27.6004, -0.188516, 3.45694, -0.3219, 3.79694, -0.153622, 3.58675, 1.15768, 0.206831, 1.27636, 0.136848, 
27.6503, -0.188471, 3.45693, -0.3219, 3.79694, -0.154546, 3.58664, 1.15767, 0.206831, 1.27623, 0.136933, 
27.7251, -0.188487, 3.45693, -0.3219, 3.79694, -0.155231, 3.58668, 1.15768, 0.206831, 1.27621, 0.136905, 
27.7749, -0.188487, 3.45693, -0.3219, 3.79694, -0.155388, 3.5867, 1.15768, 0.206831, 1.27621, 0.136888, 
27.8498, -0.188487, 3.45693, -0.3219, 3.79694, -0.158123, 3.58709, 1.15768, 0.206831, 1.27628, 0.136603, 
27.8996, -0.188487, 3.45693, -0.323454, 3.7969, -0.161106, 3.58756, 1.15768, 0.206831, 1.27638, 0.136244, 
27.9744, -0.188487, 3.45693, -0.106918, 3.59535, -0.161543, 3.58761, 1.15768, 0.206831, 1.27639, 0.136203, 
28.0492, -0.188487, 3.45693, -0.0526394, 3.62139, -0.1678, 3.58854, 1.15768, 0.206831, 1.27657, 0.135495, 
28.099, -0.188487, 3.45693, -0.0828663, 3.67574, -0.173279, 3.58927, 1.15768, 0.206831, 1.27667, 0.134923, 
28.1739, -0.188487, 3.45693, -0.0602077, 3.50978, -0.173279, 3.58927, 1.15768, 0.206831, 1.27667, 0.134923, 
28.2486, -0.188487, 3.45693, -0.136676, 3.59768, -0.173279, 3.58927, 1.15768, 0.206831, 1.27667, 0.134923, 
28.2985, -0.188487, 3.45693, -0.136676, 3.59768, -0.173279, 3.58927, 1.15768, 0.206831, 1.27667, 0.134923, 
28.3982, -0.188487, 3.45693, -0.101618, 3.63404, -0.173279, 3.58927, 1.15768, 0.206831, 1.27667, 0.134923, 
28.4232, -0.188487, 3.45693, -0.0883922, 3.70039, -0.173279, 3.58927, 1.15768, 0.206831, 1.27667, 0.134923, 
28.5229, -0.188487, 3.45693, -0.0918235, 3.63735, -0.173279, 3.58927, 1.15768, 0.206831, 1.27667, 0.134923, 
28.5976, -0.188487, 3.45693, -0.238306, 3.73558, -0.173279, 3.58927, 1.15768, 0.206831, 1.27667, 0.134923, 
28.6475, -0.188454, 3.45693, -0.238271, 3.73558, -0.173245, 3.58927, 1.15768, 0.206829, 1.27667, 0.134921, 
28.7223, -0.185558, 3.45697, -0.122039, 3.61153, -0.170098, 3.58928, 1.15773, 0.206678, 1.27672, 0.134764, 
28.7722, -0.180209, 3.45684, -0.113431, 3.61128, -0.164501, 3.58909, 1.15776, 0.206583, 1.27671, 0.134686, 
28.847, -0.167617, 3.45627, 0.0806114, 3.53575, -0.147273, 3.58823, 1.15775, 0.206609, 1.27654, 0.1346, 
28.9218, -0.149626, 3.45533, 0.0801073, 3.43231, -0.128545, 3.58699, 1.15775, 0.206712, 1.27647, 0.134897, 
28.9716, -0.136478, 3.45455, -0.554953, 3.51445, -0.113576, 3.58568, 1.15771, 0.206799, 1.27625, 0.135325, 
29.0464, -0.11923, 3.45346, -0.554953, 3.51445, -0.0919648, 3.58413, 1.15765, 0.20689, 1.27566, 0.135078, 
29.0963, -0.118575, 3.45341, -0.523352, 3.51618, -0.075422, 3.58268, 1.15766, 0.206906, 1.27582, 0.135681, 
29.1712, -0.118868, 3.45339, -0.105865, 3.604, -0.0607789, 3.58125, 1.15764, 0.206935, 1.27622, 0.136556, 
29.2459, -0.118939, 3.45339, -0.105865, 3.604, -0.0546814, 3.57981, 1.15763, 0.206942, 1.27632, 0.137972, 
29.2961, -0.118939, 3.45339, -0.105865, 3.604, -0.0548728, 3.57982, 1.15763, 0.206942, 1.27632, 0.137977, 
29.3955, -0.118939, 3.45339, -0.105865, 3.604, -0.0535895, 3.57908, 1.15763, 0.206942, 1.27611, 0.138656, 
29.4204, -0.118939, 3.45339, -0.105865, 3.604, -0.0535896, 3.57908, 1.15763, 0.206942, 1.27611, 0.138656, 
29.5202, -0.118939, 3.45339, -0.105865, 3.604, -0.05345, 3.57898, 1.15763, 0.206942, 1.27607, 0.138733, 
29.5949, -0.118939, 3.45339, -0.105865, 3.604, -0.0518891, 3.57815, 1.15763, 0.206942, 1.27584, 0.139484, 
29.6448, -0.118939, 3.45339, -0.105865, 3.604, -0.0510639, 3.57767, 1.15763, 0.206942, 1.27565, 0.139871, 
29.7196, -0.118939, 3.45339, -0.106244, 3.60398, -0.0501926, 3.57713, 1.15763, 0.206942, 1.27543, 0.140305, 
29.7694, -0.118939, 3.45339, -0.0954897, 3.6167, -0.0501926, 3.57713, 1.15763, 0.206942, 1.27543, 0.140305, 
29.8442, -0.118939, 3.45339, -0.0954897, 3.6167, -0.0501926, 3.57713, 1.15763, 0.206942, 1.27543, 0.140305, 
29.9288, -0.118939, 3.45339, -0.0954897, 3.6167, -0.0501926, 3.57713, 1.15763, 0.206942, 1.27543, 0.140305, 
29.9689, -0.118939, 3.45339, -0.0954897, 3.6167, -0.0501926, 3.57713, 1.15763, 0.206942, 1.27543, 0.140305, 
30.0437, -0.118939, 3.45339, -0.0817572, 3.54509, -0.0501926, 3.57713, 1.15763, 0.206942, 1.27543, 0.140305, 
30.0935, -0.118939, 3.45339, -0.0817572, 3.54509, -0.0501926, 3.57713, 1.15763, 0.206942, 1.27543, 0.140305, 
30.1683, -0.118939, 3.45339, -0.0817572, 3.54509, -0.0501926, 3.57713, 1.15763, 0.206942, 1.27543, 0.140305, 
30.268, -0.118939, 3.45339, -0.0817572, 3.54509, -0.0501926, 3.57713, 1.15763, 0.206942, 1.27543, 0.140305, 
30.293, -0.118939, 3.45339, -0.0817572, 3.54509, -0.0501926, 3.57713, 1.15763, 0.206942, 1.27543, 0.140305, 
30.3927, -0.118939, 3.45339, 0.00874934, 3.63787, -0.0501926, 3.57713, 1.15763, 0.206942, 1.27543, 0.140305, 
30.4176, -0.118939, 3.45339, 0.0316645, 3.7221, -0.0501926, 3.57713, 1.15763, 0.206942, 1.27543, 0.140305, 
30.5175, -0.118939, 3.45339, 0.282114, 3.33871, -0.0501926, 3.57713, 1.15763, 0.206942, 1.27543, 0.140305, 
30.5922, -0.119184, 3.4534, 0.362223, 3.74681, -0.0504643, 3.57715, 1.15766, 0.206974, 1.27546, 0.14034, 
30.6421, -0.124271, 3.45378, 0.190424, 3.40082, -0.0556269, 3.57757, 1.15834, 0.207466, 1.27607, 0.140853, 
30.717, -0.125847, 3.45412, 0.319832, 3.54486, -0.058021, 3.5781, 1.15965, 0.208279, 1.27744, 0.141618, 
30.7669, -0.124719, 3.45401, 0.319451, 3.54477, -0.0565751, 3.578, 1.16072, 0.209283, 1.27841, 0.142489, 
30.8417, -0.125103, 3.45388, 0.110321, 3.45835, -0.0604497, 3.57744, 1.16358, 0.212021, 1.28116, 0.146111, 
30.9163, -0.132844, 3.45386, 0.494285, 3.55888, -0.0686137, 3.57741, 1.16868, 0.217152, 1.28628, 0.151604, 
30.9661, -0.140746, 3.45388, 0.209825, 3.56489, -0.0787661, 3.57741, 1.17286, 0.221421, 1.29014, 0.156079, 
31.0409, -0.153132, 3.45392, 0.209825, 3.56489, -0.086795, 3.58015, 1.17944, 0.228083, 1.29521, 0.157756, 
31.1157, -0.1625, 3.45382, 0.179976, 3.56545, -0.0999067, 3.5824, 1.18527, 0.234056, 1.30443, 0.164316, 
31.1656, -0.166876, 3.4539, 0.0981587, 3.8371, -0.111271, 3.58075, 1.18854, 0.237172, 1.30774, 0.170559, 
31.2653, -0.174665, 3.45442, 0.0981587, 3.8371, -0.127501, 3.57884, 1.19368, 0.241598, 1.31076, 0.177224, 
31.2903, -0.176585, 3.45452, 0.0981587, 3.8371, -0.14038, 3.57967, 1.19494, 0.24271, 1.31128, 0.177499, 
31.3899, -0.186476, 3.45453, 0.0981587, 3.8371, -0.174979, 3.58259, 1.20107, 0.248821, 1.31621, 0.180299, 
31.4648, -0.196356, 3.45435, 0.0981587, 3.8371, -0.182929, 3.58017, 1.20757, 0.255519, 1.32038, 0.187943, 
31.5146, -0.203758, 3.45418, 0.0981587, 3.8371, -0.174997, 3.58115, 1.21233, 0.260482, 1.32817, 0.193473, 
31.5894, -0.216043, 3.45406, 0.0981587, 3.8371, -0.182007, 3.58074, 1.21939, 0.267727, 1.33114, 0.197221, 
31.6393, -0.225431, 3.45424, 0.0981587, 3.8371, -0.189265, 3.57887, 1.22364, 0.271797, 1.33533, 0.204144, 
31.714, -0.233302, 3.45482, 0.0981587, 3.8371, -0.186321, 3.57734, 1.22946, 0.276714, 1.33859, 0.209192, 
31.7889, -0.240942, 3.45545, 0.0981587, 3.8371, -0.194353, 3.57608, 1.23499, 0.281297, 1.34567, 0.218113, 
31.8387, -0.246762, 3.45577, 0.012733, 3.83984, -0.20393, 3.576, 1.23894, 0.284737, 1.34788, 0.220804, 
31.9135, -0.249419, 3.45544, 0.215346, 3.50105, -0.207166, 3.57713, 1.2455, 0.291459, 1.35144, 0.222785, 
31.9634, -0.250886, 3.45502, 0.211382, 3.49864, -0.216882, 3.57335, 1.25036, 0.296672, 1.35335, 0.230298, 
32.0382, -0.261201, 3.45491, -0.0416335, 3.52034, -0.223046, 3.57908, 1.25834, 0.304708, 1.36566, 0.234502, 
32.113, -0.261379, 3.45471, -0.0416335, 3.52034, -0.213058, 3.57704, 1.26591, 0.312244, 1.37193, 0.243027, 
32.1629, -0.253118, 3.45441, -0.0433747, 3.51813, -0.200804, 3.57521, 1.27048, 0.316843, 1.37572, 0.24873, 
32.2625, -0.24366, 3.45441, 0.0264082, 3.80445, -0.18877, 3.57166, 1.27942, 0.325209, 1.38379, 0.261037, 
32.2875, -0.242511, 3.45451, -0.674741, 1.50158, -0.177425, 3.57297, 1.28169, 0.327233, 1.38722, 0.261974, 
32.3872, -0.220932, 3.45376, -0.673637, 1.50583, -0.13432, 3.56902, 1.2905, 0.336078, 1.39326, 0.270668, 
32.462, -0.198648, 3.4523, -0.0530424, 3.82386, -0.126998, 3.57089, 1.29774, 0.344224, 1.41057, 0.284807, 
32.5119, -0.181985, 3.45111, -0.0530424, 3.82386, -0.117168, 3.57012, 1.30287, 0.350058, 1.41624, 0.290827, 
32.5867, -0.152969, 3.44949, -0.0530424, 3.82386, -0.0670554, 3.56327, 1.31026, 0.357823, 1.41807, 0.297789, 
32.6365, -0.133613, 3.4484, 0.047459, 3.81222, -0.0447488, 3.55875, 1.31522, 0.362898, 1.42126, 0.305088, 
32.7113, -0.102815, 3.44606, 0.0652168, 3.596, -0.0245692, 3.55799, 1.32209, 0.370491, 1.42317, 0.30578, 
32.7861, -0.0759381, 3.44394, 0.22945, 3.61707, -0.000699231, 3.55499, 1.32859, 0.377477, 1.42906, 0.313101, 
32.836, -0.0549955, 3.44222, 0.22945, 3.61707, 0.0117725, 3.55547, 1.33311, 0.382261, 1.43911, 0.321124, 
32.9108, -0.0137323, 3.4377, 0.22945, 3.61707, 0.0556372, 3.54846, 1.33974, 0.390512, 1.44081, 0.32659, 
32.9856, 0.022676, 3.43245, 0.22945, 3.61707, 0.0826271, 3.53904, 1.34586, 0.399301, 1.44194, 0.336972, 
33.0354, 0.0424468, 3.42943, 0.22945, 3.61707, 0.0963632, 3.53573, 1.35011, 0.405059, 1.44519, 0.34281, 
33.1352, 0.0976028, 3.42134, 0.22945, 3.61707, 0.187647, 3.51864, 1.35845, 0.416218, 1.45309, 0.358335, 
33.1601, 0.112341, 3.41913, 0.22945, 3.61707, 0.204119, 3.51576, 1.36043, 0.418786, 1.45478, 0.360762, 
33.2599, 0.167775, 3.41086, 0.22945, 3.61707, 0.280828, 3.50415, 1.36834, 0.42812, 1.46196, 0.367236, 
33.2847, 0.183551, 3.40838, 0.22945, 3.61707, 0.299216, 3.50036, 1.3703, 0.430427, 1.4641, 0.370324, 
33.3844, 0.255626, 3.39534, 0.22945, 3.61707, 0.359664, 3.49394, 1.37723, 0.439911, 1.4775, 0.377625, 
33.4593, 0.30169, 3.38568, 0.22945, 3.61707, 0.377213, 3.48295, 1.38208, 0.44717, 1.47873, 0.389759, 
33.5091, 0.335822, 3.37812, 0.22945, 3.61707, 0.427349, 3.46974, 1.38529, 0.452133, 1.47838, 0.393314, 
33.584, 0.394532, 3.36429, 0.22945, 3.61707, 0.48332, 3.45455, 1.3897, 0.459453, 1.48156, 0.400472, 
33.6338, 0.430072, 3.35544, 0.22945, 3.61707, 0.525521, 3.44503, 1.39234, 0.463798, 1.4863, 0.404726, 
33.7086, 0.485482, 3.34132, 0.22945, 3.61707, 0.563879, 3.43265, 1.39603, 0.469455, 1.48822, 0.410658, 
33.7833, 0.556159, 3.3218, 0.22945, 3.61707, 0.644248, 3.41057, 1.39885, 0.474767, 1.49051, 0.413538, 
33.8333, 0.6017, 3.30843, 0.22945, 3.61707, 0.711576, 3.39227, 1.40039, 0.477795, 1.49163, 0.412543, 
33.908, 0.661762, 3.28989, 0.22945, 3.61707, 0.785016, 3.37033, 1.40271, 0.481901, 1.49619, 0.415592, 
33.9829, 0.731966, 3.26606, 0.22945, 3.61707, 0.855842, 3.34854, 1.40464, 0.48675, 1.50194, 0.418587, 
34.0327, 0.777114, 3.24976, 0.22945, 3.61707, 0.909701, 3.32956, 1.40615, 0.490271, 1.50408, 0.420245, 
34.1324, 0.858012, 3.21922, 0.22945, 3.61707, 0.991987, 3.29404, 1.40993, 0.497151, 1.50485, 0.426384, 
34.1573, 0.881064, 3.21014, 0.22945, 3.61707, 1.0082, 3.28463, 1.41075, 0.498779, 1.50348, 0.428838, 
34.2571, 0.975396, 3.17049, 0.22945, 3.61707, 1.09463, 3.23561, 1.41324, 0.505079, 1.49678, 0.438605, 
34.3319, 1.01468, 3.15282, 0.22945, 3.61707, 1.14589, 3.20949, 1.41364, 0.50725, 1.49538, 0.441298, 
34.3817, 1.02137, 3.15004, 0.22945, 3.61707, 1.15701, 3.2031, 1.4138, 0.507334, 1.4915, 0.43872, 
34.4565, 1.01975, 3.15077, 0.22945, 3.61707, 1.16481, 3.21, 1.41373, 0.507209, 1.49804, 0.431719, 
34.5064, 1.01827, 3.15145, 0.22945, 3.61707, 1.15059, 3.21693, 1.41364, 0.507043, 1.49793, 0.431107, 
34.5811, 1.01703, 3.15208, 0.22945, 3.61707, 1.15068, 3.21725, 1.41376, 0.507039, 1.4984, 0.43113, 
34.631, 1.01688, 3.15218, 0.22945, 3.61707, 1.15183, 3.21667, 1.41382, 0.507058, 1.49839, 0.431194, 
34.7058, 1.01708, 3.15207, 0.22945, 3.61707, 1.15049, 3.21716, 1.41382, 0.507091, 1.49812, 0.431056, 
34.7806, 1.0171, 3.15206, 0.22945, 3.61707, 1.15092, 3.2168, 1.41382, 0.50709, 1.49791, 0.431051, 
34.8304, 1.01712, 3.15205, 0.22945, 3.61707, 1.15148, 3.21637, 1.41382, 0.507088, 1.49766, 0.431003, 
34.9053, 1.01715, 3.15204, 0.22945, 3.61707, 1.15155, 3.21627, 1.41382, 0.507086, 1.49756, 0.431, 
34.98, 1.01715, 3.15204, 0.22945, 3.61707, 1.15174, 3.21605, 1.41382, 0.507086, 1.49739, 0.430988, 
35.03, 1.01715, 3.15204, 0.22945, 3.61707, 1.15168, 3.21608, 1.41382, 0.507086, 1.49739, 0.430983, 
35.1297, 1.01715, 3.15204, 0.22945, 3.61707, 1.15165, 3.21609, 1.41382, 0.507086, 1.49739, 0.430981, 
35.1546, 1.01715, 3.15204, 0.22945, 3.61707, 1.15166, 3.21609, 1.41382, 0.507086, 1.49739, 0.430981, 
35.2543, 1.01715, 3.15204, 0.22945, 3.61707, 1.15166, 3.21609, 1.41382, 0.507086, 1.49739, 0.430981, 
35.3291, 1.01715, 3.15204, 0.22945, 3.61707, 1.15166, 3.21609, 1.41382, 0.507086, 1.49739, 0.43098, 
35.3789, 1.01715, 3.15204, 0.22945, 3.61707, 1.15166, 3.21609, 1.41382, 0.507086, 1.49739, 0.43098, 
35.4537, 1.01715, 3.15204, 0.22945, 3.61707, 1.15166, 3.21609, 1.41382, 0.507086, 1.49739, 0.43098, 
35.5036, 1.01715, 3.15204, 0.22945, 3.61707, 1.15166, 3.21609, 1.41382, 0.507086, 1.49739, 0.43098, 
35.5784, 1.01715, 3.15204, 0.22945, 3.61707, 1.15166, 3.21609, 1.41382, 0.507086, 1.49739, 0.43098, 
35.6532, 1.01715, 3.15204, 0.22945, 3.61707, 1.15166, 3.21609, 1.41382, 0.507086, 1.49739, 0.43098, 
35.7031, 1.01715, 3.15204, 0.22945, 3.61707, 1.15166, 3.21609, 1.41382, 0.507086, 1.49739, 0.43098, 
35.7779, 1.01715, 3.15204, 0.22945, 3.61707, 1.15166, 3.21609, 1.41382, 0.507086, 1.49739, 0.43098, 
35.8277, 1.01715, 3.15204, 0.22945, 3.61707, 1.15166, 3.21609, 1.41382, 0.507086, 1.49739, 0.43098, 
35.9026, 1.01715, 3.15204, 0.22945, 3.61707, 1.15166, 3.21609, 1.41382, 0.507086, 1.49739, 0.43098, 
36.0022, 1.01715, 3.15204, 0.22945, 3.61707, 1.15166, 3.21609, 1.41382, 0.507086, 1.49739, 0.43098, 
36.0272, 1.01715, 3.15204, 0.22945, 3.61707, 1.15166, 3.21609, 1.41382, 0.507086, 1.49739, 0.43098, 
36.127, 1.01715, 3.15204, 0.22945, 3.61707, 1.15166, 3.21609, 1.41382, 0.507086, 1.49739, 0.43098, 
36.1518, 1.01715, 3.15204, 0.22945, 3.61707, 1.15166, 3.21609, 1.41382, 0.507086, 1.49739, 0.43098, 
36.2515, 1.01715, 3.15204, 0.22945, 3.61707, 1.15166, 3.21609, 1.41382, 0.507086, 1.49739, 0.43098, 
36.3263, 1.01715, 3.15204, 0.22945, 3.61707, 1.15166, 3.21609, 1.41382, 0.507086, 1.49739, 0.43098, 
36.3763, 1.01715, 3.15204, 0.22945, 3.61707, 1.15166, 3.21609, 1.41382, 0.507086, 1.49739, 0.43098, 
36.451, 1.01715, 3.15204, 0.22945, 3.61707, 1.15166, 3.21609, 1.41382, 0.507086, 1.49739, 0.43098, 
36.5009, 1.01715, 3.15204, 0.22945, 3.61707, 1.15166, 3.21609, 1.41382, 0.507086, 1.49739, 0.43098, 
36.5756, 1.01715, 3.15204, 0.22945, 3.61707, 1.15166, 3.21609, 1.41382, 0.507086, 1.49739, 0.43098, 
36.6505, 1.01715, 3.15204, 0.22945, 3.61707, 1.15166, 3.21609, 1.41382, 0.507086, 1.49739, 0.43098, 
36.7003, 1.01715, 3.15204, 0.22945, 3.61707, 1.15166, 3.21609, 1.41382, 0.507086, 1.49739, 0.43098, 
36.7751, 1.01715, 3.15204, 0.22945, 3.61707, 1.15166, 3.21609, 1.41382, 0.507086, 1.49739, 0.43098, 
36.8499, 1.01715, 3.15204, 0.22945, 3.61707, 1.15166, 3.21609, 1.41382, 0.507086, 1.49739, 0.43098, 
36.8997, 1.01715, 3.15204, 0.22945, 3.61707, 1.15166, 3.21609, 1.41382, 0.507086, 1.49739, 0.43098, 
36.9995, 1.01715, 3.15204, 0.22945, 3.61707, 1.15166, 3.21609, 1.41382, 0.507086, 1.49739, 0.43098, 
37.0244, 1.01715, 3.15204, 0.22945, 3.61707, 1.15166, 3.21609, 1.41382, 0.507086, 1.49739, 0.43098, 
37.1241, 1.01715, 3.15204, 0.22945, 3.61707, 1.15166, 3.21609, 1.41382, 0.507086, 1.49739, 0.43098, 
37.199, 1.0179, 3.15192, 0.22945, 3.61707, 1.15239, 3.21602, 1.41361, 0.506572, 1.49726, 0.430475, 
37.2488, 1.02224, 3.15106, 0.22945, 3.61707, 1.1571, 3.21487, 1.41293, 0.504456, 1.49654, 0.4283, 
37.3236, 1.02374, 3.1512, 0.22945, 3.61707, 1.16055, 3.21302, 1.41273, 0.503161, 1.49554, 0.427545, 
37.3735, 1.02611, 3.15087, 0.22945, 3.61707, 1.1631, 3.21356, 1.41226, 0.50172, 1.49568, 0.425377, 
37.4482, 1.03422, 3.14906, 0.22945, 3.61707, 1.17333, 3.21211, 1.41104, 0.498066, 1.49565, 0.420875, 
37.523, 1.0436, 3.14823, 0.22945, 3.61707, 1.1869, 3.20719, 1.40892, 0.49133, 1.49108, 0.413896, 
37.5729, 1.0486, 3.14872, 0.22945, 3.61707, 1.19107, 3.2123, 1.40707, 0.485665, 1.49343, 0.406979, 
37.6477, 1.05929, 3.14783, 0.22945, 3.61707, 1.19571, 3.21392, 1.40362, 0.476753, 1.49322, 0.401652, 
37.6975, 1.06664, 3.14691, 0.22945, 3.61707, 1.1798, 3.22068, 1.40121, 0.470994, 1.49356, 0.402993, 
37.7723, 1.07214, 3.14803, 0.22945, 3.61707, 1.20466, 3.21342, 1.39879, 0.46358, 1.49279, 0.396164, 
37.8471, 1.08132, 3.14659, 0.22945, 3.61707, 1.21477, 3.20778, 1.39681, 0.457891, 1.48846, 0.39253, 
37.897, 1.08681, 3.1455, 0.22945, 3.61707, 1.21278, 3.21287, 1.39534, 0.454465, 1.48763, 0.386126, 
37.9968, 1.08586, 3.15026, 0.22945, 3.61707, 1.2208, 3.209, 1.39315, 0.44632, 1.4807, 0.378668, 
38.0216, 1.08661, 3.15116, 0.22945, 3.61707, 1.21953, 3.2124, 1.39238, 0.443851, 1.4816, 0.37595, 
38.1214, 1.10068, 3.15033, 0.22945, 3.61707, 1.22934, 3.21837, 1.38841, 0.432295, 1.48385, 0.364217, 
38.1962, 1.11168, 3.14978, 0.22945, 3.61707, 1.24142, 3.21761, 1.38476, 0.422516, 1.48624, 0.360052, 
38.246, 1.1189, 3.14919, 0.22945, 3.61707, 1.25922, 3.21033, 1.38252, 0.416572, 1.48335, 0.355061, 
38.3208, 1.12629, 3.14908, 0.22945, 3.61707, 1.27307, 3.20587, 1.37923, 0.408791, 1.47232, 0.340214, 
38.3707, 1.12974, 3.14946, 0.22945, 3.61707, 1.2705, 3.20814, 1.3773, 0.40417, 1.47048, 0.336978, 
38.4455, 1.13201, 3.15121, 0.22945, 3.61707, 1.24546, 3.22573, 1.37491, 0.398013, 1.47099, 0.330659, 
38.5203, 1.13781, 3.15221, 0.22945, 3.61707, 1.23763, 3.22879, 1.37229, 0.390461, 1.4687, 0.32923, 
38.5702, 1.14503, 3.15199, 0.22945, 3.61707, 1.25122, 3.22627, 1.37031, 0.384322, 1.46847, 0.323649, 
38.6451, 1.1588, 3.15064, 0.22945, 3.61707, 1.26278, 3.2306, 1.36721, 0.374476, 1.46656, 0.308689, 
38.695, 1.16588, 3.15065, 0.22945, 3.61707, 1.25308, 3.23581, 1.36503, 0.367913, 1.46145, 0.302784, 
38.7698, 1.17084, 3.15282, 0.22945, 3.61707, 1.2639, 3.24126, 1.36145, 0.358407, 1.46378, 0.291306, 
38.8693, 1.17679, 3.15434, 0.22945, 3.61707, 1.28713, 3.23817, 1.35697, 0.348256, 1.46223, 0.278926, 
38.8943, 1.17859, 3.15442, 0.22945, 3.61707, 1.289, 3.23695, 1.35586, 0.34593, 1.46036, 0.277367, 
38.994, 1.19054, 3.15409, 0.22945, 3.61707, 1.31408, 3.22392, 1.35228, 0.335421, 1.45126, 0.268576, 
39.019, 1.194, 3.15397, 0.22945, 3.61707, 1.31917, 3.22232, 1.35138, 0.332542, 1.45118, 0.267238, 
39.1187, 1.20853, 3.15224, 0.22945, 3.61707, 1.34356, 3.21814, 1.34801, 0.322402, 1.45091, 0.256359, 
39.1934, 1.21046, 3.15241, 0.22945, 3.61707, 1.31582, 3.23403, 1.34647, 0.319466, 1.45307, 0.256444, 
39.2433, 1.20956, 3.15383, 0.22945, 3.61707, 1.31551, 3.23872, 1.34714, 0.318888, 1.45777, 0.255463, 
39.3181, 1.20999, 3.15301, 0.22945, 3.61707, 1.32924, 3.23303, 1.347, 0.319529, 1.46242, 0.258529, 
39.368, 1.20996, 3.1524, 0.22945, 3.61707, 1.3258, 3.23289, 1.34682, 0.320131, 1.4618, 0.260311, 
39.4427, 1.20827, 3.15267, 0.22945, 3.61707, 1.32367, 3.23269, 1.34664, 0.320651, 1.46075, 0.260876, 
39.5175, 1.209, 3.15235, 0.22945, 3.61707, 1.32423, 3.23188, 1.34666, 0.320635, 1.46031, 0.261099, 
39.5674, 1.20973, 3.15212, 0.22945, 3.61707, 1.32468, 3.23163, 1.34672, 0.32053, 1.46036, 0.261168, 
39.6422, 1.2097, 3.15215, 0.22945, 3.61707, 1.3242, 3.23212, 1.34672, 0.320504, 1.46057, 0.261074, 
39.717, 1.20939, 3.15225, 0.22945, 3.61707, 1.32292, 3.23308, 1.34669, 0.320549, 1.46089, 0.260998, 
39.7668, 1.20929, 3.15229, 0.22945, 3.61707, 1.32287, 3.23308, 1.34668, 0.320558, 1.46089, 0.26104, 
39.8665, 1.20931, 3.15228, 0.22945, 3.61707, 1.32293, 3.23306, 1.34668, 0.320549, 1.4609, 0.261038, 
39.8915, 1.20931, 3.15228, 0.22945, 3.61707, 1.323, 3.23306, 1.34668, 0.320549, 1.46092, 0.261019, 
39.9912, 1.20931, 3.15228, 0.22945, 3.61707, 1.32311, 3.23304, 1.34668, 0.320549, 1.46097, 0.261014, 
40.0163, 1.20931, 3.15228, 0.22945, 3.61707, 1.32312, 3.23304, 1.34668, 0.320549, 1.46097, 0.261009, 
40.1158, 1.20931, 3.15228, 0.22945, 3.61707, 1.32314, 3.23303, 1.34668, 0.320549, 1.46098, 0.261017, 
40.1906, 1.20931, 3.15228, 0.22945, 3.61707, 1.32313, 3.23304, 1.34668, 0.320549, 1.46098, 0.26102, 
40.2405, 1.20835, 3.15274, 0.22945, 3.61707, 1.32216, 3.23352, 1.34686, 0.32074, 1.46116, 0.261213, 
40.3153, 1.20674, 3.15276, 0.22945, 3.61707, 1.32116, 3.23303, 1.34785, 0.322693, 1.46216, 0.26351, 
40.3901, 1.20052, 3.15407, 0.22945, 3.61707, 1.31579, 3.23387, 1.34863, 0.32564, 1.46248, 0.266236, 
40.44, 1.196, 3.15374, 0.22945, 3.61707, 1.31383, 3.23253, 1.34977, 0.329991, 1.46336, 0.270113, 
40.5148, 1.18769, 3.15199, 0.22945, 3.61707, 1.31588, 3.22963, 1.3537, 0.341284, 1.46473, 0.273891, 
40.5646, 1.18192, 3.1502, 0.22945, 3.61707, 1.3165, 3.22355, 1.3571, 0.350564, 1.46874, 0.28539, 
40.6394, 1.17245, 3.14727, 0.22945, 3.61707, 1.31009, 3.21352, 1.36264, 0.365801, 1.4665, 0.300115, 
40.7142, 1.16167, 3.14469, 0.22945, 3.61707, 1.28041, 3.21718, 1.36789, 0.381139, 1.46814, 0.316385, 
40.764, 1.15826, 3.14188, 0.22945, 3.61707, 1.27229, 3.21219, 1.37093, 0.39004, 1.46919, 0.329189, 
40.8638, 1.15573, 3.13503, 0.22945, 3.61707, 1.28829, 3.20147, 1.37646, 0.406296, 1.47881, 0.342857, 
40.8887, 1.15546, 3.13305, 0.22945, 3.61707, 1.28851, 3.19917, 1.3779, 0.410548, 1.47903, 0.345936, 
40.9885, 1.14962, 3.12803, 0.22945, 3.61707, 1.28526, 3.18652, 1.38376, 0.426922, 1.47054, 0.355527, 
41.0633, 1.1532, 3.11981, 0.22945, 3.61707, 1.28904, 3.17704, 1.38933, 0.441452, 1.47166, 0.366577, 
41.1131, 1.15516, 3.11382, 0.22945, 3.61707, 1.28232, 3.17727, 1.39288, 0.451925, 1.47925, 0.37887, 
41.188, 1.15286, 3.10717, 0.22945, 3.61707, 1.29823, 3.15956, 1.39808, 0.467808, 1.48833, 0.401283, 
41.2378, 1.15245, 3.10245, 0.22945, 3.61707, 1.29614, 3.15813, 1.40148, 0.478044, 1.49425, 0.411051, 
41.3125, 1.16126, 3.0903, 0.22945, 3.61707, 1.30278, 3.1525, 1.40602, 0.4936, 1.49872, 0.418873, 
41.3874, 1.16246, 3.08184, 0.22945, 3.61707, 1.30415, 3.14635, 1.41023, 0.508805, 1.50347, 0.43135, 
41.4372, 1.16154, 3.0775, 0.22945, 3.61707, 1.30898, 3.13892, 1.41356, 0.51894, 1.5039, 0.438354, 
41.5121, 1.18053, 3.06058, 0.22945, 3.61707, 1.31824, 3.11982, 1.41856, 0.534834, 1.50078, 0.453789, 
41.5619, 1.19385, 3.04842, 0.22945, 3.61707, 1.33079, 3.11343, 1.42175, 0.54595, 1.50701, 0.46043, 
41.6367, 1.20984, 3.0314, 0.22945, 3.61707, 1.35257, 3.08805, 1.42627, 0.563218, 1.50632, 0.47779, 
41.7115, 1.23561, 3.00931, 0.22945, 3.61707, 1.38381, 3.05782, 1.43094, 0.580583, 1.50397, 0.492345, 
41.7613, 1.25498, 2.99326, 0.22945, 3.61707, 1.4007, 3.03859, 1.43426, 0.59241, 1.50581, 0.507301, 
41.8614, 1.28668, 2.96211, 0.22945, 3.61707, 1.43149, 3.00552, 1.4397, 0.617915, 1.51069, 0.5332, 
41.886, 1.29538, 2.9536, 0.22945, 3.61707, 1.43937, 2.99772, 1.44086, 0.624361, 1.51355, 0.540734, 
41.9857, 1.3248, 2.92203, 0.22945, 3.61707, 1.47459, 2.96361, 1.44583, 0.650853, 1.52411, 0.570451, 
42.0605, 1.34624, 2.89919, 0.22945, 3.61707, 1.49625, 2.9385, 1.44988, 0.670121, 1.52194, 0.583515, 
42.1104, 1.36438, 2.88126, 0.22945, 3.61707, 1.50962, 2.92363, 1.45234, 0.68312, 1.52321, 0.593674, 
42.1852, 1.39225, 2.85286, 0.22945, 3.61707, 1.53096, 2.89454, 1.45547, 0.703021, 1.52255, 0.613423, 
42.235, 1.40783, 2.83549, 0.22945, 3.61707, 1.55533, 2.86955, 1.45736, 0.716089, 1.52182, 0.624647, 
42.3098, 1.43216, 2.80883, 0.22945, 3.61707, 1.57067, 2.84591, 1.46031, 0.735519, 1.51884, 0.638759, 
42.3846, 1.45791, 2.78009, 0.22945, 3.61707, 1.60365, 2.81389, 1.46275, 0.755457, 1.52324, 0.656931, 
42.4345, 1.47415, 2.76047, 0.22945, 3.61707, 1.61455, 2.79502, 1.46389, 0.76925, 1.52482, 0.673748, 
42.5093, 1.49612, 2.7321, 0.22945, 3.61707, 1.64268, 2.75906, 1.46529, 0.789884, 1.52523, 0.695437, 
42.584, 1.51924, 2.70308, 0.22945, 3.61707, 1.67932, 2.72504, 1.46716, 0.810498, 1.53187, 0.713569, 
42.634, 1.53525, 2.683, 0.22945, 3.61707, 1.70051, 2.69723, 1.46842, 0.824417, 1.53014, 0.727035, 
42.7336, 1.56377, 2.64347, 0.22945, 3.61707, 1.72178, 2.66043, 1.46934, 0.851961, 1.52988, 0.753456, 
42.7586, 1.57045, 2.63384, 0.22945, 3.61707, 1.73044, 2.64823, 1.46949, 0.85872, 1.5291, 0.75957, 
42.8583, 1.60082, 2.59191, 0.22945, 3.61707, 1.77081, 2.5928, 1.47014, 0.886225, 1.52693, 0.786944, 
42.9331, 1.62426, 2.55848, 0.22945, 3.61707, 1.78181, 2.56726, 1.46991, 0.907222, 1.52878, 0.810721, 
42.983, 1.63022, 2.54379, 0.22945, 3.61707, 1.79001, 2.54552, 1.4696, 0.920455, 1.52375, 0.82325, 
43.0578, 1.61105, 2.54639, 0.22945, 3.61707, 1.78049, 2.53686, 1.46945, 0.93664, 1.51787, 0.83669, 
43.1077, 1.59795, 2.54965, 0.22945, 3.61707, 1.75555, 2.55268, 1.46909, 0.945261, 1.51943, 0.844927, 
43.1853, 1.5902, 2.54751, 0.22945, 3.61707, 1.74737, 2.556, 1.46806, 0.954804, 1.5224, 0.853314, 
43.2323, 1.58705, 2.54797, 0.22945, 3.61707, 1.73866, 2.55608, 1.46808, 0.957467, 1.51885, 0.857646, 
43.3071, 1.58711, 2.5479, 0.22945, 3.61707, 1.74261, 2.54963, 1.46865, 0.958302, 1.51502, 0.856677, 
43.3819, 1.59013, 2.54619, 0.22945, 3.61707, 1.74745, 2.54266, 1.46881, 0.957754, 1.51534, 0.861084, 
43.4317, 1.58992, 2.54669, 0.22945, 3.61707, 1.74298, 2.54593, 1.46898, 0.957513, 1.51541, 0.861677, 
43.5065, 1.58902, 2.54745, 0.22945, 3.61707, 1.74181, 2.54714, 1.46903, 0.957484, 1.5157, 0.861723, 
43.5813, 1.58792, 2.54811, 0.22945, 3.61707, 1.73984, 2.5485, 1.46899, 0.957641, 1.51518, 0.861334, 
43.6312, 1.58796, 2.5481, 0.22945, 3.61707, 1.73938, 2.54883, 1.469, 0.957633, 1.51511, 0.861294, 
43.7309, 1.5883, 2.54793, 0.22945, 3.61707, 1.73871, 2.5492, 1.46905, 0.957585, 1.51486, 0.861186, 
43.7558, 1.58831, 2.54793, 0.22945, 3.61707, 1.73872, 2.54919, 1.46905, 0.957584, 1.51486, 0.861188, 
43.8556, 1.58815, 2.548, 0.22945, 3.61707, 1.73858, 2.54922, 1.46903, 0.957605, 1.51474, 0.861128, 
43.9304, 1.58819, 2.54799, 0.22945, 3.61707, 1.73865, 2.54907, 1.46903, 0.9576, 1.51446, 0.86087, 
43.9802, 1.58823, 2.54796, 0.22945, 3.61707, 1.73875, 2.54899, 1.46904, 0.957594, 1.51446, 0.860868, 
44.055, 1.58824, 2.54796, 0.22945, 3.61707, 1.73886, 2.54892, 1.46904, 0.957593, 1.51446, 0.860831, 
44.1048, 1.58824, 2.54796, 0.22945, 3.61707, 1.73883, 2.54881, 1.46904, 0.957593, 1.51411, 0.860549, 
44.1797, 1.58824, 2.54796, 0.22945, 3.61707, 1.73945, 2.54844, 1.46904, 0.957593, 1.51405, 0.860281, 
44.2544, 1.58824, 2.54796, 0.22945, 3.61707, 1.73994, 2.54815, 1.46904, 0.957593, 1.51399, 0.860068, 
44.3043, 1.58824, 2.54796, 0.22945, 3.61707, 1.73994, 2.54815, 1.46904, 0.957593, 1.51399, 0.860072, 
44.3791, 1.58824, 2.54796, 0.22945, 3.61707, 1.73994, 2.54814, 1.46904, 0.957593, 1.51399, 0.860072, 
44.4291, 1.58824, 2.54796, 0.22945, 3.61707, 1.73994, 2.54814, 1.46904, 0.957593, 1.51399, 0.860073, 
44.5037, 1.58824, 2.54796, 0.22945, 3.61707, 1.73994, 2.54814, 1.46904, 0.957593, 1.51399, 0.860073, 
44.5786, 1.58824, 2.54796, 0.22945, 3.61707, 1.73994, 2.54814, 1.46904, 0.957593, 1.51399, 0.860073, 
44.6284, 1.58824, 2.54796, 0.22945, 3.61707, 1.73994, 2.54814, 1.46904, 0.957593, 1.51399, 0.860073, 
44.7281, 1.58824, 2.54796, 0.22945, 3.61707, 1.73994, 2.54814, 1.46904, 0.957593, 1.51399, 0.860073, 
44.7533, 1.58824, 2.54796, 0.22945, 3.61707, 1.73994, 2.54814, 1.46904, 0.957593, 1.51399, 0.860073, 
44.8528, 1.58824, 2.54796, 0.22945, 3.61707, 1.73994, 2.54814, 1.46904, 0.957593, 1.51399, 0.860073, 
44.9276, 1.58824, 2.54796, 0.22945, 3.61707, 1.73994, 2.54814, 1.46904, 0.957593, 1.51399, 0.860073, 
44.9775, 1.58824, 2.54796, 0.22945, 3.61707, 1.73994, 2.54814, 1.46904, 0.957593, 1.51399, 0.860073, 
45.0523, 1.58824, 2.54796, 0.22945, 3.61707, 1.73994, 2.54814, 1.46904, 0.957593, 1.51399, 0.860073, 
45.1021, 1.58824, 2.54796, 0.22945, 3.61707, 1.73994, 2.54814, 1.46904, 0.957593, 1.51399, 0.860073, 
45.177, 1.58824, 2.54796, 0.22945, 3.61707, 1.73994, 2.54814, 1.46904, 0.957593, 1.51399, 0.860073, 
45.2517, 1.58824, 2.54796, 0.22945, 3.61707, 1.73994, 2.54814, 1.46904, 0.957593, 1.51399, 0.860073, 
45.3015, 1.58824, 2.54796, 0.22945, 3.61707, 1.73994, 2.54814, 1.46904, 0.957593, 1.51399, 0.860073, 
45.3763, 1.58824, 2.54796, 0.22945, 3.61707, 1.73994, 2.54814, 1.46904, 0.957593, 1.51399, 0.860073, 
45.4263, 1.58824, 2.54796, 0.22945, 3.61707, 1.73994, 2.54814, 1.46904, 0.957593, 1.51399, 0.860073, 
45.5011, 1.58824, 2.54796, 0.22945, 3.61707, 1.73994, 2.54814, 1.46904, 0.957593, 1.51399, 0.860073, 
45.6007, 1.58824, 2.54796, 0.22945, 3.61707, 1.73994, 2.54814, 1.46904, 0.957593, 1.51399, 0.860073, 
45.6257, 1.58824, 2.54796, 0.22945, 3.61707, 1.73994, 2.54814, 1.46904, 0.957593, 1.51399, 0.860073, 
45.7254, 1.58824, 2.54796, 0.22945, 3.61707, 1.73994, 2.54814, 1.46904, 0.957593, 1.51399, 0.860073, 
45.8002, 1.58824, 2.54796, 0.22945, 3.61707, 1.73994, 2.54814, 1.46904, 0.957593, 1.51399, 0.860073, 
45.8501, 1.58824, 2.54796, 0.22945, 3.61707, 1.73994, 2.54814, 1.46904, 0.957593, 1.51399, 0.860073, 
45.9249, 1.58824, 2.54796, 0.22945, 3.61707, 1.73994, 2.54814, 1.46904, 0.957593, 1.51399, 0.860073, 
45.9747, 1.58824, 2.54796, 0.22945, 3.61707, 1.73994, 2.54814, 1.46904, 0.957593, 1.51399, 0.860073, 
46.0495, 1.58824, 2.54796, 0.22945, 3.61707, 1.73994, 2.54814, 1.46904, 0.957593, 1.51399, 0.860073, 
46.0993, 1.58824, 2.54796, 0.22945, 3.61707, 1.73994, 2.54814, 1.46904, 0.957593, 1.51399, 0.860073, 
46.1741, 1.58824, 2.54796, 0.22945, 3.61707, 1.73994, 2.54814, 1.46904, 0.957593, 1.51399, 0.860073, 
46.2489, 1.58824, 2.54796, 0.22945, 3.61707, 1.73994, 2.54814, 1.46904, 0.957593, 1.51399, 0.860073, 
46.2988, 1.58824, 2.54796, 0.22945, 3.61707, 1.73994, 2.54814, 1.46904, 0.957593, 1.51399, 0.860073, 
46.3736, 1.58824, 2.54796, 0.22945, 3.61707, 1.73994, 2.54814, 1.46904, 0.957593, 1.51399, 0.860073, 
46.4484, 1.58824, 2.54796, 0.22945, 3.61707, 1.73994, 2.54814, 1.46904, 0.957593, 1.51399, 0.860073, 
46.4983, 1.58824, 2.54796, 0.22945, 3.61707, 1.73994, 2.54814, 1.46904, 0.957593, 1.51399, 0.860073, 
46.5981, 1.58824, 2.54796, 0.22945, 3.61707, 1.73994, 2.54814, 1.46904, 0.957593, 1.51399, 0.860073, 
46.623, 1.58824, 2.54796, 0.22945, 3.61707, 1.73994, 2.54814, 1.46904, 0.957593, 1.51399, 0.860073, 
46.7228, 1.58824, 2.54796, 0.22945, 3.61707, 1.73994, 2.54814, 1.46904, 0.957593, 1.51399, 0.860073, 
46.7974, 1.58824, 2.54796, 0.22945, 3.61707, 1.73994, 2.54814, 1.46904, 0.957593, 1.51399, 0.860073, 
46.8473, 1.58824, 2.54796, 0.22945, 3.61707, 1.73994, 2.54814, 1.46904, 0.957593, 1.51399, 0.860073, 
46.9221, 1.58824, 2.54796, 0.22945, 3.61707, 1.73994, 2.54814, 1.46904, 0.957593, 1.51399, 0.860073, 
46.9719, 1.58824, 2.54796, 0.22945, 3.61707, 1.73994, 2.54814, 1.46904, 0.957593, 1.51399, 0.860073, 
47.0467, 1.58824, 2.54796, 0.22945, 3.61707, 1.73994, 2.54814, 1.46904, 0.957593, 1.51399, 0.860073, 
47.1261, 1.58824, 2.54796, 0.22945, 3.61707, 1.73994, 2.54814, 1.46904, 0.957593, 1.51399, 0.860073, 
47.1714, 1.58824, 2.54796, 0.22945, 3.61707, 1.73994, 2.54814, 1.46904, 0.957593, 1.51399, 0.860073, 
47.2462, 1.58824, 2.54796, 0.22945, 3.61707, 1.73994, 2.54814, 1.46904, 0.957593, 1.51399, 0.860073, 
47.2961, 1.58824, 2.54796, 0.22945, 3.61707, 1.73994, 2.54814, 1.46904, 0.957593, 1.51399, 0.860073, 
47.3709, 1.58824, 2.54796, 0.22945, 3.61707, 1.73994, 2.54814, 1.46904, 0.957593, 1.51399, 0.860073, 
47.4456, 1.58824, 2.54796, 0.22945, 3.61707, 1.73994, 2.54814, 1.46904, 0.957593, 1.51399, 0.860073, 
47.4956, 1.58824, 2.54796, 0.22945, 3.61707, 1.73994, 2.54814, 1.46904, 0.957593, 1.51399, 0.860073, 
47.5952, 1.58824, 2.54796, 0.22945, 3.61707, 1.73994, 2.54814, 1.46904, 0.957593, 1.51399, 0.860073, 
47.6202, 1.58824, 2.54796, 0.22945, 3.61707, 1.73994, 2.54814, 1.46904, 0.957593, 1.51399, 0.860073, 
47.7199, 1.58824, 2.54796, 0.22945, 3.61707, 1.73994, 2.54814, 1.46904, 0.957593, 1.51399, 0.860073, 
47.7947, 1.58824, 2.54796, 0.22945, 3.61707, 1.73994, 2.54814, 1.46904, 0.957593, 1.51399, 0.860073, 
47.8445, 1.58824, 2.54796, 0.22945, 3.61707, 1.73994, 2.54814, 1.46904, 0.957593, 1.51399, 0.860073, 
47.9193, 1.58824, 2.54796, 0.22945, 3.61707, 1.73994, 2.54814, 1.46904, 0.957593, 1.51399, 0.860073, 
47.9692, 1.58824, 2.54796, 0.22945, 3.61707, 1.73994, 2.54814, 1.46904, 0.957593, 1.51399, 0.860073, 
48.044, 1.58824, 2.54796, 0.22945, 3.61707, 1.73994, 2.54814, 1.46904, 0.957593, 1.51399, 0.860073, 
48.1188, 1.58824, 2.54796, 0.22945, 3.61707, 1.73994, 2.54814, 1.46904, 0.957593, 1.51399, 0.860073, 
48.1686, 1.58824, 2.54796, 0.22945, 3.61707, 1.73994, 2.54814, 1.46904, 0.957593, 1.51399, 0.860073, 
48.2435, 1.58824, 2.54796, 0.22945, 3.61707, 1.73994, 2.54814, 1.46904, 0.957593, 1.51399, 0.860073, 
-1.46659e+09, 1.58824, 2.54796, 0.22945, 3.61707, 1.73994, 2.54814, 1.46904, 0.957593, 1.51399, 0.860073, 
-1.46659e+09, 1.58824, 2.54796, 0.22945, 3.61707, 1.73994, 2.54814, 1.46904, 0.957593, 1.51399, 0.860073, 
-1.46659e+09, 1.58824, 2.54796, 0.22945, 3.61707, 1.73994, 2.54814, 1.46904, 0.957593, 1.51399, 0.860073, 
-1.46659e+09, 1.58824, 2.54796, 0.22945, 3.61707, 1.73994, 2.54814, 1.46904, 0.957593, 1.51399, 0.860073, 
