-1.46582e+09, -1.44194, 2.82143, -1.40439, 2.84957, -1.44941, 2.81485
0.0978844, -1.44194, 2.82143, -1.41399, 2.79112, -1.44941, 2.81485
0.12289, -1.44194, 2.82143, -1.42848, 2.82585, -1.44941, 2.81485
0.197885, -1.44194, 2.82143, -1.42848, 2.82585, -1.44941, 2.81485
0.247945, -1.44194, 2.82143, -1.42848, 2.82585, -1.44941, 2.81485
0.322884, -1.44194, 2.82143, -1.42848, 2.82585, -1.44941, 2.81485
0.347944, -1.44194, 2.82143, -1.42848, 2.82585, -1.44941, 2.81485
0.447907, -1.44194, 2.82143, -1.42848, 2.82585, -1.44941, 2.81485
0.522883, -1.44194, 2.82143, -1.42848, 2.82585, -1.44941, 2.81485
0.572882, -1.44194, 2.82143, -1.42848, 2.82585, -1.44941, 2.81485
0.647877, -1.44194, 2.82143, -1.42848, 2.82585, -1.44941, 2.81485
0.697886, -1.44194, 2.82143, -1.42848, 2.82585, -1.44941, 2.81485
0.772853, -1.44194, 2.82143, -1.42848, 2.82585, -1.44941, 2.81485
0.847882, -1.44194, 2.82143, -1.42848, 2.82585, -1.44941, 2.81485
0.898121, -1.44194, 2.82143, -1.42848, 2.82585, -1.44941, 2.81485
0.972864, -1.44194, 2.82143, -1.42848, 2.82585, -1.44941, 2.81485
1.04788, -1.44194, 2.82143, -1.42848, 2.82585, -1.44941, 2.81485
1.09789, -1.44194, 2.82143, -1.42848, 2.82585, -1.44941, 2.81485
1.19788, -1.44194, 2.82143, -1.42848, 2.82585, -1.44941, 2.81485
1.22288, -1.44194, 2.82143, -1.42848, 2.82585, -1.44941, 2.81485
1.3229, -1.44194, 2.82143, -1.42848, 2.82585, -1.44941, 2.81485
1.34788, -1.44194, 2.82143, -1.42848, 2.82585, -1.44941, 2.81485
1.44789, -1.44194, 2.82143, -1.42848, 2.82585, -1.44941, 2.81485
1.52288, -1.44194, 2.82143, -1.42848, 2.82585, -1.44941, 2.81485
1.57288, -1.44194, 2.82143, -1.42848, 2.82585, -1.44941, 2.81485
1.64788, -1.44194, 2.82143, -1.42848, 2.82585, -1.44941, 2.81485
1.69789, -1.44194, 2.82143, -1.42848, 2.82585, -1.44941, 2.81485
1.7729, -1.44194, 2.82143, -1.42848, 2.82585, -1.44941, 2.81485
1.84791, -1.44194, 2.82143, -1.42848, 2.82585, -1.44941, 2.81485
1.89789, -1.44194, 2.82143, -1.42848, 2.82585, -1.44941, 2.81485
1.97288, -1.44194, 2.82143, -1.42848, 2.82585, -1.44941, 2.81485
2.04788, -1.44194, 2.82143, -1.42848, 2.82585, -1.44941, 2.81485
2.09816, -1.44194, 2.82143, -1.42848, 2.82585, -1.44941, 2.81485
2.19791, -1.44194, 2.82143, -1.42848, 2.82585, -1.44941, 2.81485
2.22291, -1.44194, 2.82143, -1.42848, 2.82585, -1.44941, 2.81485
2.32289, -1.44194, 2.82143, -1.42848, 2.82585, -1.44941, 2.81485
2.3481, -1.44194, 2.82143, -1.42848, 2.82585, -1.44941, 2.81485
2.44788, -1.45204, 2.82158, -1.44581, 2.82394, -1.453, 2.81292
2.52288, -1.47344, 2.8219, -1.46621, 2.82551, -1.45693, 2.82506
2.57288, -1.48771, 2.82211, -1.48362, 2.82421, -1.47915, 2.8265
2.64786, -1.50909, 2.82243, -1.50136, 2.82369, -1.5048, 2.8205
2.69788, -1.52336, 2.82265, -0.288593, -1.67908, -1.51561, 2.82183
2.77289, -1.54476, 2.82297, -1.53681, 2.82484, -1.5383, 2.82129
2.84791, -1.56616, 2.82329, -1.55691, 2.82712, -1.56524, 2.81832
2.94788, -1.59468, 2.82372, -1.11518, -0.520719, -1.59234, 2.82448
2.97286, -1.60181, 2.82382, -1.60101, 2.81367, -1.59967, 2.82137
3.04788, -1.62321, 2.82415, -1.62168, 2.82057, -1.61009, 2.82864
3.0979, -1.63748, 2.82436, -1.63621, 2.81985, -1.631, 2.83164
3.19785, -1.66599, 2.82479, -1.66398, 2.81786, -1.66304, 2.82561
3.29788, -1.69453, 2.82522, -1.69577, 2.8197, -1.69727, 2.82191
3.39789, -1.72305, 2.82564, -1.72101, 2.8176, -1.73148, 2.81929
3.44788, -1.73731, 2.82586, -1.73587, 2.81858, -1.73662, 2.81976
3.52288, -1.75871, 2.82618, -1.22962, -0.858397, -1.75926, 2.8196
3.57288, -1.77297, 2.82639, -1.75988, 2.8235, -1.77298, 2.8196
3.64789, -1.79437, 2.82671, -1.79629, 2.83007, -1.78705, 2.82747
3.72291, -1.81577, 2.82703, -1.82547, 2.82898, -1.79874, 2.845
3.77288, -1.83002, 2.82725, -1.83529, 2.82751, -1.80449, 2.84945
3.84788, -1.85141, 2.82757, -1.83559, 2.82427, -1.84144, 2.83604
3.94788, -1.87995, 2.828, -1.88901, 2.83075, -1.86794, 2.83483
4.02288, -1.90134, 2.82832, -1.89756, 2.81929, -1.89707, 2.8385
4.14812, -1.93707, 2.82885, -1.92538, 2.8145, -1.9327, 2.822
4.22288, -1.9584, 2.82917, -1.95873, 2.81856, -1.95438, 2.8312
4.27291, -1.97267, 2.82939, -1.97315, 2.81662, -1.96637, 2.83433
4.32288, -1.98692, 2.8296, -1.98812, 2.81637, -1.97716, 2.83015
4.39789, -2.00831, 2.82992, -2.00495, 2.82145, -1.99911, 2.83989
4.47285, -2.0297, 2.83024, -2.03271, 2.81579, -2.02054, 2.83641
4.5234, -2.04412, 2.83046, -2.04706, 2.81453, -2.02563, 2.84042
4.5979, -2.06538, 2.83078, -2.06379, 2.82, -2.07097, 2.81858
4.64788, -2.07963, 2.83099, -2.0785, 2.82004, -2.08307, 2.82363
4.72288, -2.10103, 2.83131, -2.08938, 2.81602, -2.10582, 2.81674
4.79789, -2.12242, 2.83163, -2.12201, 2.81945, -2.12683, 2.82397
4.84788, -2.13669, 2.83185, -2.13636, 2.81914, -2.13663, 2.82655
4.94788, -2.16521, 2.83228, -2.16491, 2.81853, -2.1496, 2.83431
5.02288, -2.18661, 2.8326, 1.16537, -0.612137, -2.1888, 2.83148
5.0729, -2.20088, 2.83281, -2.19323, 2.83749, -2.20828, 2.82061
5.14788, -2.22226, 2.83313, -2.21357, 2.83084, -2.20144, 2.84037
5.19791, -2.23654, 2.83335, -2.23402, 2.82391, -2.23378, 2.8261
5.27293, -2.25793, 2.83367, -2.26012, 2.83487, -2.27452, 2.81488
5.32288, -2.27218, 2.83388, -2.2645, 2.83375, -2.28793, 2.81453
5.39788, -2.29358, 2.8342, -2.28834, 2.83342, -2.28916, 2.82977
5.47291, -2.31498, 2.83452, -2.3028, 2.83107, -2.30891, 2.82623
5.52288, -2.32924, 2.83474, -2.29997, 2.82806, -2.32301, 2.83818
5.59788, -2.35063, 2.83506, 2.31386, 2.2798, -2.34893, 2.83076
5.64789, -2.3649, 2.83527, -3.81132, -0.856621, -2.35262, 2.83413
5.72291, -2.3863, 2.83559, -2.38619, 2.8211, -2.36829, 2.84092
5.79789, -2.40769, 2.83591, -2.39764, 2.81277, -2.41229, 2.82445
5.84788, -2.42195, 2.83613, -2.41863, 2.82102, -2.4274, 2.819
5.9479, -2.45048, 2.83656, -2.43667, 2.81345, -2.46943, 2.80785
5.97289, -2.45761, 2.83666, -4.07777, -1.61873, -2.4749, 2.81141
6.07288, -2.48614, 2.83709, -2.48461, 2.8328, -2.48524, 2.83078
6.09788, -2.49326, 2.8372, -2.48515, 2.83926, -2.49283, 2.82188
6.19789, -2.52179, 2.83763, -2.52849, 2.83254, -2.53865, 2.81216
6.27292, -2.5432, 2.83795, -4.00274, 2.49637, -2.55645, 2.81944
6.32288, -2.55745, 2.83816, -2.56254, 2.83429, -2.56824, 2.81605
6.39792, -2.57885, 2.83848, -2.57415, 2.83714, -2.58024, 2.83075
6.45006, -2.59373, 2.8387, -2.5872, 2.83759, -2.57857, 2.83543
6.52288, -2.6145, 2.83902, -2.61427, 2.83618, -2.60807, 2.82936
6.59788, -2.6359, 2.83934, -2.62587, 2.83853, -2.63183, 2.81669
6.64788, -2.65016, 2.83955, -2.63913, 2.84034, -2.65879, 2.80988
6.72291, -2.67157, 2.83987, -2.66736, 2.83811, -2.67668, 2.81934
6.79789, -2.69295, 2.84019, -2.6965, 2.83718, -2.69265, 2.83271
6.84788, -2.63913, 2.88777, -2.64171, 2.88037, -2.63429, 2.88376
6.94788, -2.47095, 3.01512, -2.48399, 3.0055, -2.48927, 2.99179
6.97289, -2.42779, 3.04544, -2.42816, 3.0429, -2.44491, 3.02311
7.07289, -2.25095, 3.16048, -2.24512, 3.15857, -2.2352, 3.16786
7.1479, -2.11416, 3.24006, -2.11582, 3.23282, -2.11266, 3.23363
7.19789, -2.02118, 3.28979, -2.03312, 3.28145, -2.05211, 3.26415
7.27309, -1.87871, 3.35957, -1.88674, 3.35503, -1.89605, 3.34076
7.32288, -1.79298, 3.39799, -1.77775, 3.39932, -1.81025, 3.38298
7.39793, -1.78381, 3.40195, -1.77775, 3.39932, -1.78712, 3.39427
7.47289, -1.78388, 3.40195, -1.77775, 3.39932, -1.78653, 3.3952
7.52287, -1.79537, 3.40212, -1.79122, 3.40001, -1.80149, 3.39013
7.5979, -1.81677, 3.40244, -1.81558, 3.39597, -1.81815, 3.39324
7.64787, -1.83103, 3.40266, -1.82866, 3.39898, -1.8177, 3.40422
7.72288, -1.85243, 3.40298, -1.8531, 3.39758, -1.84322, 3.39899
7.79789, -1.87382, 3.4033, -1.88231, 3.39784, -1.8916, 3.38737
7.8479, -1.88809, 3.40351, -3.39735, 3.49206, -1.89356, 3.39608
7.94789, -1.91661, 3.40394, -1.91272, 3.40178, -1.90113, 3.40254
7.97288, -1.92263, 3.4045, -1.92684, 3.40211, -1.92131, 3.39943
8.07288, -1.72614, 3.49014, -1.72682, 3.48824, -1.72122, 3.48916
8.14788, -1.5757, 3.54696, -1.58999, 3.53718, -1.57868, 3.54322
8.19788, -1.47417, 3.58122, -1.47966, 3.5748, -1.47859, 3.57923
8.27289, -1.32011, 3.62716, -1.32203, 3.62057, -1.31178, 3.62508
8.3229, -1.21633, 3.65412, -1.21076, 3.65021, -1.20879, 3.65598
8.39788, -1.05941, 3.68895, -1.06659, 3.67989, -1.04443, 3.69166
8.47291, -0.90112, 3.71705, -0.910591, 3.71282, -0.866619, 3.72872
8.52288, -0.795031, 3.732, -0.796942, 3.72701, -0.770178, 3.7394
8.59789, -0.635091, 3.74875, -0.655207, 3.74577, -0.651376, 3.7446
8.62288, -0.58167, 3.75281, -0.590714, 3.7497, -0.573905, 3.75225
8.72291, -0.36747, 3.76141, -0.37013, 3.73822, -0.353833, 3.76753
8.79791, -0.206721, 3.75984, -0.217103, 3.73366, -0.181546, 3.75741
8.84787, -0.0997493, 3.75497, -0.113151, 3.73554, -0.0961959, 3.75115
8.92292, 0.0605938, 3.74194, 0.0648272, 3.72217, 0.0600679, 3.73648
8.9979, 0.220107, 3.72207, 0.210553, 3.70398, 0.226819, 3.72123
9.04789, 0.325862, 3.70505, 0.316765, 3.68776, 0.327243, 3.70383
9.14788, 0.535826, 3.66198, 0.526682, 3.65765, 0.518668, 3.66333
9.2229, 0.691532, 3.62184, 0.687359, 3.62796, 0.684441, 3.62242
9.27288, 0.794257, 3.59142, 0.796064, 3.58441, 0.785218, 3.59152
9.32288, 0.896114, 3.55806, 2.02516, 1.23652, 0.885052, 3.55856
9.37316, 0.997473, 3.52163, 0.987967, 3.51984, 0.972697, 3.53084
9.4729, 1.19542, 3.44075, 1.18436, 3.44144, 1.19069, 3.44175
9.54789, 1.34097, 3.37263, 1.32164, 3.37671, 1.34521, 3.37493
9.5979, 1.43642, 3.32374, 1.41533, 3.33061, 1.45409, 3.31805
9.6729, 1.57679, 3.2454, 1.56922, 3.23904, 1.56997, 3.25232
9.72288, 1.66843, 3.18988, 1.66229, 3.18677, 1.68046, 3.18176
9.79793, 1.72949, 3.14437, 1.72272, 3.14478, 1.72955, 3.14422
9.87289, 1.7081, 3.14469, 1.70232, 3.13859, 1.70699, 3.14308
9.9229, 1.69384, 3.1449, 1.689, 3.14018, 1.68992, 3.14683
9.99788, 1.67245, 3.14522, 1.6771, 3.1342, 1.65195, 3.15597
10.0479, 1.65818, 3.14544, 1.65861, 3.13454, 1.6309, 3.15426
10.1229, 1.63678, 3.14576, 1.63909, 3.13712, 1.62181, 3.15073
10.1979, 1.61539, 3.14608, 1.60785, 3.14378, 1.62066, 3.14126
10.3479, 1.5726, 3.14672, 1.57441, 3.14571, 1.57618, 3.14539
10.4996, 1.52932, 3.14737, 1.52311, 3.14527, 1.52519, 3.15127
10.5979, 1.50129, 3.14779, 1.50442, 3.14152, 1.49568, 3.14428
10.7479, 1.45849, 3.14843, 1.4571, 3.14767, 1.45667, 3.15179
11.1729, 1.6437, 2.99182, 1.64383, 2.98585, 1.64623, 2.99671
12.3479, 1.82462, 2.7513, 1.82473, 2.74873, 1.81771, 2.74899
12.4979, 1.82462, 2.7513, 1.82473, 2.74873, 1.81764, 2.74909
12.6729, 1.82462, 2.7513, 1.82473, 2.74873, 1.8175, 2.74927
12.848, 1.82462, 2.7513, 1.82473, 2.74873, 1.8175, 2.74927
12.9729, 1.79023, 2.75181, 1.79051, 2.74888, 1.80307, 2.74794
13.1979, 1.72605, 2.75278, 1.7254, 2.75265, 1.71808, 2.75842
13.4992, 1.6401, 2.75407, 1.64217, 2.75129, 1.62208, 2.76214
13.5979, 1.61194, 2.75449, 1.61163, 2.75438, 1.60594, 2.75776
13.6229, 1.60481, 2.7546, 1.60544, 2.74381, 1.60852, 2.75533
13.698, 1.5834, 2.75492, 1.57973, 2.75466, 1.60025, 2.75272
13.7479, 1.56915, 2.75513, 1.5639, 2.7548, 1.58494, 2.74726
13.8479, 1.54063, 2.75556, 1.54267, 2.74519, 1.54086, 2.7641
13.9229, 1.51923, 2.75588, 1.51717, 2.75578, 1.52037, 2.76017
13.9729, 1.50497, 2.75609, 1.50164, 2.75594, 1.49479, 2.75836
14.0479, 1.48358, 2.75641, 1.48524, 2.75433, 1.47643, 2.75179
14.1229, 1.46218, 2.75674, 1.45551, 2.75643, 1.45885, 2.75823
14.1729, 1.44791, 2.75695, 1.44028, 2.7566, 1.45058, 2.75343
14.2229, 1.43365, 2.75716, 1.43434, 2.74523, 1.44696, 2.74565
14.2979, 1.41225, 2.75748, 1.41019, 2.7573, 1.41271, 2.74959
14.3729, 1.3966, 2.75772, 1.39525, 2.75766, 1.396, 2.75735
14.4229, 1.39359, 2.75776, 1.39388, 2.75495, 1.39097, 2.75958
14.4979, 1.3722, 2.75809, 1.36521, 2.75768, 1.3811, 2.75883
14.5481, 1.35788, 2.7583, 1.36001, 2.74719, 1.36436, 2.75631
14.6229, 1.33654, 2.75862, 1.33585, 2.75858, 1.34172, 2.75899
14.6979, 1.31515, 2.75894, 1.31712, 2.75038, 1.31101, 2.77128
14.7479, 1.30089, 2.75915, 1.30282, 2.75123, 1.29856, 2.75592
14.8479, 1.27236, 2.75958, 1.27425, 2.75266, 1.28404, 2.75452
14.9229, 1.25096, 2.7599, 1.24846, 2.75978, 1.25088, 2.75413
14.9729, 1.2367, 2.76012, 1.23409, 2.75999, 1.22231, 2.75734
15.0486, 1.21511, 2.76044, 1.21716, 2.75427, 1.21159, 2.75503
15.1229, 1.19391, 2.76076, 1.19133, 2.76063, 1.19481, 2.75944
15.1729, 1.17965, 2.76097, 1.17718, 2.76085, 1.18283, 2.75727
15.2479, 1.15825, 2.76129, 1.16015, 2.75413, 1.17391, 2.75378
15.2997, 1.14348, 2.76152, 1.1459, 2.75377, 1.15013, 2.75899
15.373, 1.12381, 2.76127, 1.12109, 2.76175, 1.1167, 2.7591
15.4479, 1.2402, 2.69693, 1.23175, 2.69157, 1.23281, 2.69184
15.4979, 1.31633, 2.65124, 1.30077, 2.65656, 1.30421, 2.64954
15.5479, 1.39115, 2.60337, 1.37769, 2.60905, 1.379, 2.59827
15.6229, 1.50074, 2.52763, 1.49441, 2.52871, 1.49111, 2.52185
15.7229, 1.64165, 2.41946, 1.63747, 2.4206, 1.62616, 2.42029
15.7479, 1.6759, 2.39118, 1.66797, 2.39755, 1.65772, 2.39474
15.8479, 1.80873, 2.27325, 1.80138, 2.27919, 1.80642, 2.26943
15.9229, 1.85302, 2.23078, 1.84512, 2.23277, 1.85552, 2.22011
15.9729, 1.85302, 2.23078, 1.84512, 2.23277, 1.86458, 2.2174
16.0979, 1.85302, 2.23078, 1.84512, 2.23277, 1.85334, 2.21623
16.2229, 1.85302, 2.23078, 1.84512, 2.23277, 1.85338, 2.21619
16.3229, 1.85302, 2.23078, 1.84512, 2.23277, 1.85338, 2.21619
16.3729, 1.90391, 2.17984, 1.90065, 2.18124, 1.90354, 2.16748
16.4229, 1.96505, 2.11541, 1.96143, 2.11702, 1.9606, 2.1046
16.4996, 2.05527, 2.01316, 2.04564, 2.02349, 2.03385, 2.02782
16.5479, 2.10963, 1.94693, 2.10132, 1.95544, 2.10112, 1.95352
16.6229, 2.19049, 1.84104, 2.18333, 1.8447, 2.17939, 1.86021
16.7229, 2.29114, 1.69463, 2.28767, 1.68968, 2.28877, 1.69978
16.7979, 2.36102, 1.58124, 2.35301, 1.58432, 2.35991, 1.58686
16.8479, 2.39823, 1.51608, 2.39936, 1.51128, 2.39852, 1.51643
16.9229, 2.39144, 1.51273, 2.38553, 1.50257, 2.38897, 1.52369
16.9729, 2.37718, 1.51295, 2.37633, 1.51127, 2.38136, 1.52601
17.0479, 2.35578, 1.51327, 2.35702, 1.51346, 2.35735, 1.53205
17.1229, 2.33438, 1.51359, 2.33467, 1.51351, 2.34384, 1.52351
17.2229, 2.30585, 1.51402, 2.30135, 1.5062, 2.30576, 1.51602
17.2979, 2.28447, 1.51434, 2.28223, 1.50793, 2.28424, 1.52098
17.3479, 2.27021, 1.51455, 2.27118, 1.51489, 2.26815, 1.52152
17.4229, 2.24881, 1.51487, 2.24944, 1.51459, 2.24752, 1.51909
17.4729, 2.23455, 1.51509, 2.23174, 1.51684, 2.23091, 1.51044
17.5479, 2.21315, 1.51541, 2.21157, 1.51726, 2.21325, 1.50721
17.6229, 2.19175, 1.51573, 2.19026, 1.51672, 2.18791, 1.51237
17.673, 2.17747, 1.51594, 2.17291, 1.51876, 2.1767, 1.51636
17.7479, 2.1561, 1.51627, 2.15314, 1.51895, 2.16064, 1.51613
17.7979, 2.14183, 1.51648, 2.13891, 1.50891, 2.14323, 1.52433
17.8729, 2.12044, 1.5168, 2.11524, 1.51999, 2.12545, 1.51782
17.9479, 2.09904, 1.51712, 2.09584, 1.51994, 2.09502, 1.51701
17.9979, 2.08478, 1.51734, 2.08189, 1.50983, 2.08406, 1.53146
18.0979, 2.05625, 1.51776, 2.0562, 1.51871, 2.06203, 1.51459
18.1729, 2.03486, 1.51808, 2.03365, 1.51579, 2.0419, 1.51853
18.2479, 2.04255, 1.48397, 2.03783, 1.49146, 2.02813, 1.49048
18.3229, 2.10367, 1.38137, 2.0976, 1.38594, 2.09601, 1.37951
18.3479, 2.12305, 1.34662, 2.11419, 1.35753, 2.1229, 1.34207
18.4229, 2.17819, 1.24075, 2.17694, 1.24215, 2.16506, 1.2609
18.4729, 2.21246, 1.16881, 2.2086, 1.17242, 2.21078, 1.16681
18.5479, 2.25992, 1.05927, 2.25124, 1.07209, 2.2626, 1.07049
18.6229, 2.30267, 0.947738, 2.29971, 0.951112, 2.31077, 0.945241
18.6733, 2.32871, 0.871778, 2.32154, 0.866682, 2.32817, 0.887055
18.748, 2.3564, 0.781966, 2.35267, 0.786027, 2.35872, 0.787959
18.7984, 2.3564, 0.781966, 2.35267, 0.786027, 2.35932, 0.793906
18.8729, 2.3564, 0.781966, 2.35267, 0.786027, 2.36872, 0.784136
18.9479, 2.3564, 0.781966, 2.35267, 0.786027, 2.37062, 0.779663
18.9979, 2.34912, 0.782075, 2.34837, 0.78459, 2.36557, 0.776395
19.0979, 2.32059, 0.782503, 2.31894, 0.786005, 2.32941, 0.795706
19.1229, 2.31346, 0.78261, 2.3125, 0.783823, 2.32706, 0.775455
19.2229, 2.28493, 0.783038, 2.28327, 0.785022, 2.29581, 0.789769
19.2979, 2.26354, 0.783359, 2.2606, 0.78826, 2.27246, 0.790976
19.3498, 2.24872, 0.783581, 2.24994, 0.784544, 2.2574, 0.788332
19.4229, 2.22789, 0.783894, 2.22532, 0.78685, 2.23357, 0.781395
19.4729, 2.21361, 0.784108, 2.21139, 0.781924, 2.2173, 0.775082
19.5483, 2.19209, 0.784431, 2.19238, 0.785968, 2.19926, 0.776624
19.6229, 2.17083, 0.78475, 2.16806, 0.787927, 2.17245, 0.784581
19.6729, 2.15657, 0.784964, 2.15463, 0.783045, 2.15951, 0.78119
19.7518, 2.1481, 0.757855, 2.13942, 0.76698, 2.15125, 0.768314
19.7979, 2.16706, 0.692568, 2.16357, 0.701951, 2.16981, 0.699203
19.8729, 2.1942, 0.585376, 2.19345, 0.586882, 2.19723, 0.576523
19.9479, 2.21673, 0.477114, 2.21196, 0.489681, 2.2114, 0.484953
20, 2.22964, 0.401381, 2.228, 0.412352, 2.23364, 0.410489
20.0979, 2.24779, 0.258243, 2.24542, 0.265392, 2.25254, 0.268865
20.1229, 2.25114, 0.221564, 2.24888, 0.226135, 2.25614, 0.225645
20.2229, 2.25931, 0.0743014, 2.25748, 0.078724, 2.26445, 0.103099
20.2979, 2.25992, -0.0363137, 2.25695, -0.0295042, 2.26589, -0.0220837
20.3479, 2.25769, -0.109983, 2.25662, -0.09839, 2.26587, -0.102185
20.4229, 2.25042, -0.220303, 2.24931, -0.216283, 2.26174, -0.206752
20.4733, 2.24287, -0.29428, 2.23866, -0.294313, 2.2486, -0.295564
20.5479, 2.22783, -0.403183, 2.22831, -0.392357, 2.22825, -0.394082
20.6229, 2.20803, -0.511977, 2.20765, -0.508949, 2.21453, -0.497561
20.6729, 2.19227, -0.583961, 2.18533, -0.584711, 2.20374, -0.558648
20.7479, 2.16476, -0.691102, 2.16678, -0.682177, 2.18498, -0.658951
20.7979, 2.14389, -0.761838, 2.14549, -0.748124, 2.149, -0.767764
20.8729, 2.10885, -0.866642, 2.10868, -0.861364, 2.11035, -0.875326
20.9479, 2.06932, -0.969969, 2.06764, -0.962642, 2.06945, -0.971219
20.9979, 2.04054, -1.03784, 2.04378, -1.0285, 2.04674, -1.02467
21.0979, 1.98314, -1.15047, 1.97565, -1.15024, 1.97249, -1.16188
21.1229, 1.97601, -1.15036, 1.97585, -1.15035, 1.97011, -1.1631
21.2229, 1.94747, -1.14993, 1.94776, -1.14539, 1.94798, -1.15178
21.2979, 1.92608, -1.14961, 1.92779, -1.14498, 1.92443, -1.15141
21.3479, 1.91182, -1.1494, 1.91344, -1.14777, 1.90644, -1.14899
21.4229, 1.89042, -1.14907, 1.89068, -1.14534, 1.89098, -1.14493
21.4729, 1.87616, -1.14886, 1.87634, -1.14786, 1.87753, -1.14008
21.5483, 1.85465, -1.14854, 1.85639, -1.14681, 1.85715, -1.14638
21.6229, 1.83336, -1.14822, 1.83365, -1.14382, 1.83566, -1.14421
21.6729, 1.81911, -1.14801, 1.81932, -1.14593, 1.82639, -1.14296
21.7484, 1.79756, -1.14768, 1.79938, -1.14435, 1.80453, -1.13732
21.7979, 1.78345, -1.14747, 1.78506, -1.1462, 1.79125, -1.14527
21.8729, 1.76206, -1.14715, 1.76234, -1.14248, 1.76887, -1.15202
21.9479, 1.74066, -1.14683, 1.73546, -1.14666, 1.74895, -1.13953
21.9979, 1.72639, -1.14661, 1.72811, -1.14181, 1.7346, -1.15172
22.0979, 1.69786, -1.14619, 1.6995, -1.1443, 1.70813, -1.15019
22.1229, 1.69074, -1.14608, 1.68604, -1.14595, 1.699, -1.14392
22.2229, 1.66222, -1.14565, 1.65408, -1.14542, 1.66778, -1.13967
22.2979, 1.64082, -1.14533, 1.63852, -1.14525, 1.64433, -1.14237
22.3483, 1.62643, -1.14511, 1.62306, -1.145, 1.63147, -1.13625
22.4229, 1.60515, -1.1448, 1.60536, -1.14302, 1.61554, -1.13112
22.4733, 1.59078, -1.14458, 1.59108, -1.14334, 1.60388, -1.12874
22.5482, 1.56942, -1.14426, 1.57121, -1.13947, 1.58228, -1.13574
22.6229, 1.5481, -1.14394, 1.54882, -1.14396, 1.55952, -1.14499
22.6729, 1.53384, -1.14373, 1.534, -1.14338, 1.54554, -1.14144
22.7479, 1.51245, -1.14341, 1.51415, -1.13888, 1.52374, -1.1419
22.7979, 1.49818, -1.14319, 1.4999, -1.13842, 1.50763, -1.1336
22.8729, 1.47679, -1.14287, 1.47697, -1.14145, 1.49005, -1.13285
22.9479, 1.4554, -1.14255, 1.45192, -1.14243, 1.46209, -1.13879
22.9979, 1.44113, -1.14234, 1.43874, -1.14225, 1.45007, -1.14346
23.0979, 1.4126, -1.14191, 1.41283, -1.14189, 1.42304, -1.13938
23.1229, 1.40547, -1.1418, 1.40001, -1.14165, 1.41513, -1.14431
23.2229, 1.37694, -1.14137, 1.37496, -1.14131, 1.38777, -1.13572
23.2997, 1.35502, -1.14104, 1.35032, -1.14089, 1.36056, -1.13911
23.3479, 1.34128, -1.14084, 1.33827, -1.14073, 1.3406, -1.14123
23.4229, 1.31989, -1.14052, 1.31446, -1.14036, 1.32139, -1.13918
23.4729, 1.30563, -1.1403, 1.30278, -1.14022, 1.30897, -1.13752
23.5479, 1.28424, -1.13998, 1.27967, -1.13983, 1.29429, -1.13559
23.6229, 1.26284, -1.13966, 1.25706, -1.1395, 1.276, -1.12792
23.6729, 1.24857, -1.13945, 1.24597, -1.13937, 1.26759, -1.12689
23.7479, 1.22719, -1.13913, 1.22399, -1.13902, 1.24671, -1.1278
23.7979, 1.21292, -1.13891, 1.21322, -1.1389, 1.22815, -1.13615
23.8729, 1.19152, -1.13859, 1.19191, -1.1386, 1.19547, -1.14183
23.9479, 1.17013, -1.13827, 1.17097, -1.13827, 1.17345, -1.14385
23.9979, 1.15586, -1.13806, 1.15753, -1.13506, 1.16254, -1.14069
24.0979, 1.12734, -1.13763, 1.12896, -1.13637, 1.1454, -1.12755
24.1229, 1.12021, -1.13752, 1.12036, -1.13759, 1.13625, -1.13085
24.2229, 1.09168, -1.13709, 1.09094, -1.13707, 1.09726, -1.14302
24.2998, 1.06974, -1.13676, 1.07186, -1.13686, 1.07593, -1.1415
24.3479, 1.05602, -1.13656, 1.05293, -1.13645, 1.05798, -1.14282
24.4229, 1.03462, -1.13624, 1.03447, -1.13623, 1.04808, -1.13675
24.4729, 1.02038, -1.13602, 1.01621, -1.13591, 1.03595, -1.13189
24.5479, 0.998985, -1.1357, 0.998313, -1.13566, 1.01586, -1.13363
24.6229, 0.977572, -1.13538, 0.977821, -1.1321, 0.985129, -1.13818
24.6729, 0.963312, -1.13517, 0.963461, -1.13532, 0.973091, -1.1341
24.7479, 0.941918, -1.13485, 0.943584, -1.13175, 0.949223, -1.13731
24.7981, 0.927599, -1.13463, 0.929238, -1.1345, 0.928209, -1.14243
24.8729, 0.906265, -1.13431, 0.904533, -1.13426, 0.904785, -1.14299
24.9479, 0.884865, -1.13399, 0.886507, -1.13175, 0.887601, -1.14245
24.9979, 0.870601, -1.13378, 0.872184, -1.13368, 0.88318, -1.13139
25.0985, 0.841895, -1.13335, 0.840857, -1.13329, 0.844222, -1.14129
25.1229, 0.834942, -1.13324, 0.833148, -1.13319, 0.838093, -1.14185
25.2229, 0.806416, -1.13281, 0.802763, -1.13271, 0.809837, -1.13623
25.2979, 0.785023, -1.13249, 0.786646, -1.13073, 0.784744, -1.13937
25.3484, 0.77062, -1.13228, 0.772365, -1.1311, 0.777004, -1.14408
25.4229, 0.749366, -1.13196, 0.74959, -1.12916, 0.761033, -1.13296
25.4729, 0.735105, -1.13174, 0.735332, -1.12891, 0.743721, -1.1311
25.5479, 0.713705, -1.13142, 0.715319, -1.13022, 0.716127, -1.12905
25.6229, 0.69231, -1.1311, 0.688497, -1.13099, 0.691166, -1.12603
25.6729, 0.678046, -1.13089, 0.674943, -1.1308, 0.677074, -1.12586
25.7479, 0.671099, -1.12187, 0.664803, -1.12492, 0.676553, -1.1236
25.7979, 0.702836, -1.09302, 0.699352, -1.09441, 0.707324, -1.09473
25.8729, 0.748887, -1.04807, 0.748434, -1.04636, 0.759815, -1.04873
25.9479, 0.792931, -1.00124, 0.787211, -1.00499, 0.793644, -1.01149
25.9979, 0.821189, -0.968955, 0.818092, -0.972581, 0.825469, -0.9681
26.0979, 0.874851, -0.902081, 0.869536, -0.906305, 0.87897, -0.909116
26.1229, 0.887675, -0.884878, 0.887221, -0.885299, 0.892395, -0.888283
26.2229, 0.93643, -0.814359, 0.932086, -0.81578, 0.944018, -0.8173
26.2979, 0.970333, -0.759676, 0.963638, -0.765053, 0.975352, -0.76169
26.3482, 0.991721, -0.722255, 0.985483, -0.727878, 0.999567, -0.721806
26.4229, 1.02152, -0.665519, 1.01888, -0.666838, 1.02646, -0.663296
26.4729, 1.0401, -0.626864, 1.03728, -0.62837, 1.04675, -0.628757
26.5479, 1.06588, -0.567924, 1.06312, -0.570303, 1.07417, -0.566929
26.6229, 1.0891, -0.507962, 1.08798, -0.506537, 1.09517, -0.499543
26.673, 1.10319, -0.467354, 1.10273, -0.467359, 1.10897, -0.469409
26.7479, 1.12206, -0.405951, 1.11838, -0.411972, 1.13333, -0.404854
26.7979, 1.13318, -0.364574, 1.12836, -0.371526, 1.14127, -0.358371
26.8729, 1.14766, -0.301866, 1.14701, -0.301546, 1.14996, -0.294517
26.9479, 1.15943, -0.238641, 1.15603, -0.245372, 1.16441, -0.240654
26.9979, 1.16578, -0.196214, 1.16416, -0.199758, 1.17027, -0.204255
27.0997, 1.17494, -0.109399, 1.17209, -0.11786, 1.17896, -0.10592
27.1229, 1.17632, -0.0895496, 1.17395, -0.0922634, 1.1813, -0.0810971
27.2229, 1.17926, -0.00385062, 1.17849, -0.00513506, 1.18581, 0.00541772
27.299, 1.17822, 0.0613846, 1.17754, 0.056483, 1.18468, 0.0600772
27.3479, 1.17606, 0.103312, 1.17554, 0.0975448, 1.1828, 0.0988584
27.4229, 1.17047, 0.167375, 1.16836, 0.163972, 1.18169, 0.157584
27.4729, 1.16523, 0.209937, 1.16424, 0.210231, 1.18002, 0.203041
27.5479, 1.15509, 0.273477, 1.15423, 0.266093, 1.16078, 0.282901
27.6229, 1.14225, 0.336492, 1.14022, 0.337255, 1.15187, 0.333783
27.6729, 1.13219, 0.378176, 1.13164, 0.378079, 1.14361, 0.382791
27.7479, 1.11489, 0.440111, 1.11497, 0.432931, 1.12636, 0.431159
27.7979, 1.10188, 0.480988, 1.10162, 0.472562, 1.1065, 0.472918
27.8729, 1.08021, 0.541537, 1.07873, 0.536976, 1.08574, 0.539689
27.9479, 1.08508, 0.528633, 1.08304, 0.533242, 1.09201, 0.534442
27.9979, 1.09944, 0.488233, 1.09671, 0.493259, 1.10732, 0.495961
28.0979, 1.12469, 0.406282, 1.12181, 0.407695, 1.13418, 0.400729
28.1229, 1.13027, 0.385567, 1.12825, 0.382421, 1.13881, 0.381413
28.2229, 1.14962, 0.30202, 1.14984, 0.302292, 1.15745, 0.302639
28.2979, 1.16098, 0.238718, 1.15838, 0.240601, 1.1696, 0.245194
28.3479, 1.16705, 0.196273, 1.16577, 0.200035, 1.17617, 0.200073
28.4229, 1.17308, 0.141314, 1.17085, 0.138386, 1.184, 0.143415
28.4729, 1.17308, 0.141314, 1.17085, 0.138386, 1.18018, 0.137743
28.5479, 1.17308, 0.141314, 1.17085, 0.138386, 1.17817, 0.138766
28.6229, 1.15866, 0.14153, 1.15819, 0.142009, 1.16181, 0.141275
28.6729, 1.14441, 0.141744, 1.14337, 0.140193, 1.14997, 0.145162
28.7479, 1.12301, 0.142065, 1.12366, 0.142748, 1.13177, 0.133714
28.7979, 1.10874, 0.142279, 1.10931, 0.140925, 1.12081, 0.138426
28.8729, 1.08734, 0.1426, 1.08708, 0.142917, 1.10154, 0.14038
28.9479, 1.06595, 0.142921, 1.06537, 0.140063, 1.07597, 0.141565
28.9979, 1.0517, 0.143135, 1.05323, 0.143138, 1.06235, 0.148106
29.0979, 1.02317, 0.143563, 1.02443, 0.143773, 1.0272, 0.148991
29.1229, 1.01604, 0.14367, 1.01528, 0.142489, 1.02169, 0.14525
29.2229, 0.987507, 0.144098, 0.98673, 0.142869, 0.996725, 0.152326
29.2979, 0.966102, 0.144419, 0.967663, 0.144416, 0.970482, 0.142412
29.3479, 0.951848, 0.144632, 0.951432, 0.141993, 0.955671, 0.13526
29.4229, 0.930454, 0.144953, 0.928948, 0.142778, 0.932215, 0.147213
29.4729, 0.916183, 0.145168, 0.916139, 0.144899, 0.919994, 0.150843
29.5479, 0.894792, 0.145488, 0.896034, 0.145723, 0.907203, 0.139231
29.6229, 0.873397, 0.145809, 0.87337, 0.145946, 0.881323, 0.150809
29.6729, 0.859123, 0.146023, 0.857167, 0.143239, 0.864296, 0.145649
29.7479, 0.83774, 0.146344, 0.837301, 0.143672, 0.846832, 0.142663
29.7985, 0.823301, 0.146561, 0.823947, 0.145079, 0.835822, 0.140819
29.8731, 0.802021, 0.14688, 0.800455, 0.144542, 0.810659, 0.143152
29.9479, 0.780681, 0.1472, 0.781079, 0.148083, 0.784854, 0.146495
29.9979, 0.766426, 0.147414, 0.766411, 0.145302, 0.775969, 0.149323
30.0979, 0.737899, 0.147842, 0.738635, 0.146716, 0.74651, 0.145448
30.1229, 0.73077, 0.147949, 0.73035, 0.148381, 0.740286, 0.150168
30.2229, 0.702239, 0.148377, 0.701655, 0.148929, 0.713197, 0.153535
30.2979, 0.680846, 0.148698, 0.681758, 0.147813, 0.694918, 0.147842
30.3479, 0.666573, 0.148912, 0.66727, 0.147719, 0.678023, 0.14691
30.4229, 0.651042, 0.149145, 0.65009, 0.149871, 0.663961, 0.152207
30.4729, 0.651042, 0.149145, 0.65009, 0.149871, 0.658633, 0.148762
30.548, 0.651042, 0.149145, 0.65009, 0.149871, 0.659158, 0.149831
30.6229, 0.651042, 0.149145, 0.65009, 0.149871, 0.65544, 0.152545
30.6729, 0.651042, 0.149145, 0.65009, 0.149871, 0.65544, 0.152545
30.7479, 0.651042, 0.149145, 0.65009, 0.149871, 0.65544, 0.152545
30.7979, 0.651042, 0.149145, 0.65009, 0.149871, 0.65544, 0.152545
30.8729, 0.651042, 0.149145, 0.65009, 0.149871, 0.65544, 0.152545
30.9479, 0.651042, 0.149145, 0.65009, 0.149871, 0.65544, 0.152545
30.9979, 0.651042, 0.149145, 0.65009, 0.149871, 0.65544, 0.152545
31.0981, 0.651042, 0.149145, 0.65009, 0.149871, 0.65544, 0.152545
31.1229, 0.651042, 0.149145, 0.65009, 0.149871, 0.65544, 0.152545
31.2229, 0.651042, 0.149145, 0.65009, 0.149871, 0.65544, 0.152545
31.2979, 0.651042, 0.149145, 0.65009, 0.149871, 0.65544, 0.152545
31.3479, 0.651042, 0.149145, 0.65009, 0.149871, 0.65544, 0.152545
31.4231, 0.651042, 0.149145, 0.65009, 0.149871, 0.65544, 0.152545
31.4729, 0.651042, 0.149145, 0.65009, 0.149871, 0.65544, 0.152545
31.5479, 0.651042, 0.149145, 0.65009, 0.149871, 0.65544, 0.152545
31.6229, 0.651042, 0.149145, 0.65009, 0.149871, 0.65544, 0.152545
31.6729, 0.651042, 0.149145, 0.65009, 0.149871, 0.65544, 0.152545
31.7479, 0.649725, 0.157779, 0.649026, 0.155594, 0.654292, 0.160621
31.7979, 0.644968, 0.185479, 0.644962, 0.181634, 0.649226, 0.190822
31.8729, 0.636351, 0.226773, 0.635209, 0.224603, 0.646339, 0.23508
31.9479, 0.625979, 0.267648, 0.625811, 0.265232, 0.639036, 0.264729
31.9981, 0.618063, 0.294744, 0.618869, 0.291417, 0.62874, 0.290327
32.0979, 0.600034, 0.347893, 0.59969, 0.345654, 0.610937, 0.349654
32.1229, 0.595043, 0.361046, 0.595025, 0.360457, 0.6063, 0.365729
32.2229, 0.57324, 0.412858, 0.573052, 0.411789, 0.583282, 0.414701
32.2979, 0.554963, 0.450865, 0.554989, 0.448558, 0.560207, 0.46298
32.3479, 0.541883, 0.475752, 0.542678, 0.470802, 0.548356, 0.481627
32.4229, 0.520948, 0.512355, 0.520709, 0.510603, 0.534872, 0.514525
32.4729, 0.50612, 0.536259, 0.505523, 0.536175, 0.515739, 0.539222
32.5479, 0.482631, 0.571273, 0.482884, 0.569021, 0.496302, 0.569953
32.6229, 0.457667, 0.605248, 0.457194, 0.605107, 0.469777, 0.604553
32.6729, 0.44022, 0.627302, 0.440429, 0.627227, 0.450992, 0.628422
32.7479, 0.412891, 0.65942, 0.414832, 0.655445, 0.419434, 0.66215
32.7979, 0.393926, 0.680164, 0.395995, 0.676783, 0.406215, 0.677745
32.8729, 0.364367, 0.710265, 0.363148, 0.710051, 0.378767, 0.712348
32.9479, 0.333553, 0.739067, 0.335987, 0.734183, 0.344318, 0.743563
32.9979, 0.312348, 0.757516, 0.314369, 0.755477, 0.325153, 0.761148
33.0979, 0.268392, 0.792571, 0.269877, 0.79057, 0.273975, 0.796161
33.1229, 0.257091, 0.800943, 0.257489, 0.799597, 0.259881, 0.801317
33.2229, 0.210744, 0.83278, 0.209118, 0.832231, 0.218706, 0.831906
33.2979, 0.174835, 0.854893, 0.178405, 0.849675, 0.185906, 0.847199
33.3479, 0.150384, 0.868773, 0.154045, 0.863887, 0.163432, 0.868093
33.4229, 0.113007, 0.888263, 0.114347, 0.884744, 0.120628, 0.894682
33.4733, 0.0873899, 0.900475, 0.0883956, 0.898834, 0.0917254, 0.906877
33.5479, 0.0489306, 0.917154, 0.0498878, 0.915199, 0.0510906, 0.926569
33.6229, 0.00954911, 0.932271, 0.0101386, 0.931523, 0.0139858, 0.942267
33.6729, -0.0170253, 0.941399, -0.0184523, 0.940476, -0.0073139, 0.951794
33.748, -0.0574518, 0.953691, -0.0560692, 0.951917, -0.052977, 0.952559
33.7985, -0.0849047, 0.960974, -0.0817736, 0.959984, -0.0755597, 0.954467
33.8729, -0.125691, 0.970253, -0.125407, 0.970167, -0.115452, 0.972729
33.9479, -0.167147, 0.977843, -0.165368, 0.976443, -0.150435, 0.978798
34, -0.196137, 0.982071, -0.192637, 0.980952, -0.172209, 0.977197
34.0979, -0.250909, 0.987679, -0.24808, 0.987206, -0.239622, 0.985389
34.1229, -0.264917, 0.988619, -0.266416, 0.987063, -0.257648, 0.988663
34.2229, -0.321144, 0.990379, -0.31801, 0.987473, -0.308896, 0.988792
34.2979, -0.363295, 0.989594, -0.363831, 0.992552, -0.342209, 0.99255
34.3485, -0.391722, 0.988044, -0.388834, 0.989819, -0.379506, 0.99486
34.4229, -0.433376, 0.98428, -0.438106, 0.980551, -0.425252, 0.988359
34.4985, -0.475512, 0.978646, -0.476915, 0.979128, -0.466346, 0.984684
34.5979, -0.530457, 0.968486, -0.532728, 0.965496, -0.522906, 0.976601
34.6729, -0.571493, 0.958765, -0.5809, 0.953856, -0.555128, 0.964085
34.7479, -0.612073, 0.947299, -0.617799, 0.942489, -0.602576, 0.949252
34.8479, -0.665355, 0.929327, -0.666824, 0.924964, -0.651998, 0.927622
34.9729, -0.730379, 0.902635, -0.741502, 0.892319, -0.715881, 0.900898
35.0986, -0.793672, 0.871195, -0.790114, 0.874236, -0.783172, 0.876047
35.1979, -0.841978, 0.8432, -0.848667, 0.835039, -0.832172, 0.848617
35.2981, -0.889026, 0.812231, -0.892193, 0.81034, -0.876561, 0.818047
35.3729, -0.922963, 0.787379, -0.921916, 0.788702, -0.916368, 0.796858
35.4729, -0.966611, 0.751942, -0.965937, 0.752071, -0.956735, 0.76408
35.5479, -0.997972, 0.723772, -0.997071, 0.722448, -0.982939, 0.731751
35.7229, -1.0663, 0.652973, -1.067, 0.646933, -1.0511, 0.660075
35.8729, -1.11898, 0.587144, -1.12137, 0.575411, -1.11366, 0.592152
35.9979, -1.15846, 0.528984, -1.15951, 0.526828, -1.16112, 0.524362
36.1729, -1.20655, 0.443184, -1.20416, 0.437713, -1.20541, 0.436567
36.4229, -1.26408, 0.334973, -1.26417, 0.325917, -1.26702, 0.341555
36.7229, -1.34965, 0.336257, -1.34995, 0.324348, -1.33907, 0.337019
37.298, -1.51371, 0.338717, -0.00689331, 1.91462, -1.51653, 0.328615
37.5983, -1.59939, 0.340003, -1.60416, 0.343652, -1.5909, 0.340659
37.8729, -1.62336, 0.340362, -1.62897, 0.343633, -1.61713, 0.344095
38.1729, -1.62336, 0.340362, -1.62897, 0.343633, -1.61713, 0.344095
38.4979, -1.66428, 0.340976, -1.67015, 0.345582, -1.66317, 0.337767
38.8479, -1.76412, 0.342474, 0.57352, 0.428952, -1.75692, 0.34482
38.8729, -1.76824, 0.342536, -1.76922, 0.343556, -1.75894, 0.345968
38.9729, -1.76824, 0.342536, -1.76922, 0.343556, -1.75895, 0.340091
39.0479, -1.76824, 0.342536, -1.76922, 0.343556, -1.75844, 0.345306
39.0979, -1.76824, 0.342536, -1.76922, 0.343556, -1.75844, 0.347649
39.1729, -1.76824, 0.342536, -1.76922, 0.343556, -1.75844, 0.347649
39.2479, -1.76824, 0.342536, -1.76922, 0.343556, -1.75844, 0.347649
39.298, -1.76824, 0.342536, -1.76922, 0.343556, -1.75844, 0.347649
39.3729, -1.77981, 0.342709, -1.78047, 0.342921, -1.76927, 0.339987
39.4479, -1.80121, 0.34303, -1.78702, 0.343654, -1.79588, 0.350235
39.4979, -1.81547, 0.343244, -1.81365, 0.341386, -1.8058, 0.357789
39.5484, -1.82988, 0.343461, -1.82561, 0.34431, -1.82289, 0.355249
39.6229, -1.85112, 0.343779, -1.84709, 0.343709, -1.84182, 0.358623
39.6979, -1.87252, 0.3441, -1.86707, 0.339995, -1.86637, 0.349623
39.7979, -1.90105, 0.344528, -1.90566, 0.349402, -1.89478, 0.350273
39.8729, -1.92244, 0.344849, -1.92766, 0.349961, -1.92156, 0.34043
39.9729, -1.95097, 0.345277, -1.95956, 0.348984, -1.94501, 0.34936
40.0989, -1.98693, 0.345816, -1.99122, 0.35, -1.98481, 0.365779
40.2229, -2.02229, 0.346347, -2.02832, 0.346349, -2.02304, 0.35313
40.2979, -2.04368, 0.346668, -2.04847, 0.34591, -2.03862, 0.343908
40.3729, -2.06508, 0.346989, -2.06842, 0.345629, -2.06209, 0.33953
40.4729, -2.0936, 0.347417, -2.10018, 0.347397, -2.0947, 0.351197
40.4979, -2.10074, 0.347524, -2.10362, 0.351559, -2.09969, 0.349937
40.5729, -2.11213, 0.368759, -2.11833, 0.372172, -2.10773, 0.367123
40.6729, -2.08847, 0.470133, -2.09463, 0.472784, -2.0852, 0.471332
40.7979, -2.05083, 0.594694, -2.06053, 0.592431, -2.04893, 0.591586
40.8979, -2.0315, 0.66762, -2.03768, 0.670994, -2.03288, 0.672677
40.9979, -2.06003, 0.668048, -2.06062, 0.673053, -2.0586, 0.665574
41.0729, -2.08144, 0.668369, -2.08106, 0.672878, -2.07194, 0.671574
41.1729, -2.10996, 0.668797, -2.11233, 0.672631, -2.10203, 0.66668
41.2479, -2.13134, 0.669118, -2.13621, 0.674558, -2.11998, 0.676622
41.3229, -2.15274, 0.669439, -2.15689, 0.675248, -2.14837, 0.665172
41.4229, -2.18127, 0.669867, -2.18456, 0.673818, -2.17745, 0.666114
41.4479, -2.1884, 0.669974, -2.19371, 0.67223, -2.18496, 0.662793
41.4981, -2.20272, 0.670189, -2.20488, 0.674327, -2.20392, 0.658607
41.549, -2.21723, 0.670406, -2.2203, 0.670316, -2.21768, 0.656836
41.6229, -2.23832, 0.670723, -2.24543, 0.67528, -2.23467, 0.665534
41.6979, -2.25972, 0.671044, -2.26182, 0.674039, -2.26107, 0.667246
41.7479, -2.27398, 0.671258, -0.30043, -0.773031, -2.27537, 0.664877
41.8229, -2.29537, 0.671578, -2.29587, 0.671263, -2.29792, 0.668408
41.8979, -2.31677, 0.671899, -2.315, 0.672448, -2.30898, 0.682394
41.9479, -2.33103, 0.672113, -2.33063, 0.668536, -2.32374, 0.679955
42.0481, -2.3596, 0.672542, -2.3582, 0.669813, -2.3517, 0.678163
42.0729, -2.36669, 0.672648, -2.36859, 0.670897, -2.36168, 0.675748
42.1729, -2.39522, 0.673076, -2.39597, 0.672725, -2.38681, 0.676853
42.2479, -2.41661, 0.673397, -2.41325, 0.67382, -2.40678, 0.670567
42.2979, -2.43088, 0.673611, -2.43027, 0.672298, -2.42616, 0.667153
42.3729, -2.45227, 0.673932, -2.44725, 0.675449, -2.44791, 0.672333
42.4229, -2.46653, 0.674146, -2.46135, 0.668699, -2.45765, 0.677912
42.4979, -2.48793, 0.674467, -2.47563, 0.665358, -2.48212, 0.670342
42.5729, -2.50932, 0.674788, -0.838403, 0.371032, -2.50936, 0.6692
42.6229, -2.52358, 0.675002, -2.52302, 0.674164, -2.52059, 0.667961
42.6979, -2.54498, 0.675323, -0.871764, 0.370612, -2.54063, 0.665273
42.748, -2.55928, 0.675537, -2.55617, 0.676016, -2.55565, 0.679922
42.8229, -2.58065, 0.675858, -2.57961, 0.674963, -2.57615, 0.689959
42.8979, -2.60203, 0.676179, -2.60232, 0.672839, -2.59635, 0.695326
42.9479, -2.6163, 0.676393, -2.61091, 0.678613, -2.61588, 0.675868
43.0479, -2.64482, 0.676821, -2.64272, 0.675743, -2.64148, 0.678872
43.1479, -2.67334, 0.677248, -2.6738, 0.675577, -2.6678, 0.687429
43.2229, -2.69474, 0.677569, -1.16275, -0.602765, -2.69438, 0.67186
43.3229, -2.72327, 0.677997, -2.71237, 0.673325, -2.71665, 0.686913
43.3979, -2.74467, 0.678318, -2.73725, 0.673796, -2.73554, 0.67908
43.4479, -2.75893, 0.678532, -2.74752, 0.678844, -2.75059, 0.683987
43.5229, -2.78033, 0.678853, -2.76558, 0.682049, -2.77465, 0.690702
43.5729, -2.79459, 0.679067, -2.7866, 0.676688, -2.79223, 0.685757
43.6479, -2.816, 0.679389, -2.81001, 0.677663, -2.80982, 0.692928
43.7479, -2.84451, 0.679816, -2.83742, 0.676795, -2.84224, 0.672507
43.8732, -2.88025, 0.680352, -2.87286, 0.678391, -2.86947, 0.693638
43.9479, -2.90157, 0.680672, -2.89269, 0.679727, -2.89206, 0.702546
44.0229, -2.92296, 0.680993, -2.91568, 0.677398, -2.91445, 0.69458
44.0729, -2.93721, 0.681207, -2.9238, 0.682464, -2.93111, 0.696105
44.1479, -2.95861, 0.681528, -2.95109, 0.678034, -2.95434, 0.686281
44.2229, -2.98001, 0.681849, -2.9622, 0.683502, -2.97419, 0.684147
44.277, -2.99543, 0.68208, -2.98646, 0.677672, -2.98945, 0.682739
44.3487, -3.01589, 0.682387, -3.00159, 0.67899, -3.01442, 0.683381
44.4479, -3.04725, 0.627545, -3.03516, 0.628203, -3.04527, 0.616465
44.5729, -3.0847, 0.431902, -3.08181, 0.425961, -3.08434, 0.43911
44.7479, -3.11352, 0.154553, -3.10519, 0.156264, -3.11308, 0.17813
44.8979, -3.1161, -0.0844852, -3.11218, -0.0852669, -3.11583, -0.0652446
45.1479, -3.07504, -0.480513, -3.06983, -0.479412, -3.06981, -0.476092
45.4983, -2.92382, -1.0173, -0.730098, -0.439856, -2.93128, -1.00238
45.7479, -2.75244, -1.37594, -2.75489, -1.36638, -2.75783, -1.35545
45.8979, -2.72441, -1.46396, -1.56977, 0.447674, -2.71397, -1.46678
45.9979, -2.75294, -1.46353, -2.73047, -1.44746, -2.74125, -1.4617
46.1979, -2.81, -1.46268, -2.78589, -1.45657, -2.81135, -1.44306
46.5229, -2.9027, -1.46129, -2.30202, 0.308579, -2.89628, -1.45762
46.6229, -2.93123, -1.46086, -2.92549, -1.45534, -2.93249, -1.43494
46.6979, -2.95262, -1.46054, -2.94698, -1.45756, -2.95213, -1.42781
46.7729, -2.97401, -1.46022, -2.9683, -1.45387, -2.96505, -1.44784
46.8229, -2.98828, -1.46, -2.98421, -1.46063, -2.97998, -1.45756
46.8729, -3.00193, -1.46063, -2.99945, -1.45881, -2.98878, -1.46843
46.9479, -2.93677, -1.57388, -2.26622, -0.04805, -2.92759, -1.57701
46.9979, -2.89067, -1.64778, -2.91981, -1.648, -2.89805, -1.62184
47.0729, -2.81766, -1.75602, -2.84918, -1.75979, -2.82279, -1.72826
47.1479, -2.74004, -1.86109, -2.78198, -1.86249, -2.73694, -1.84752
47.1979, -2.6858, -1.9293, -2.72523, -1.93488, -2.69293, -1.90826
47.273, -2.6008, -2.02868, -2.63658, -2.03111, -2.61243, -1.99616
47.373, -2.52728, -2.11705, -2.55285, -2.13232, -2.52219, -2.11095
47.4479, -2.54865, -2.11673, -2.58398, -2.1292, -2.54605, -2.10677
47.5229, -2.57005, -2.11641, -1.65109, -2.37741, -2.56759, -2.1008
47.5979, -2.59145, -2.11609, -2.57014, -2.05629, -2.59541, -2.1012
47.6479, -2.60571, -2.11588, -2.58829, -2.04972, -2.61447, -2.09534
47.748, -2.63426, -2.11545, -2.61758, -2.04844, -2.64587, -2.09232
47.7729, -2.64137, -2.11534, -2.63021, -2.09758, -2.65247, -2.08945
47.8729, -2.66989, -2.11491, -2.65713, -2.10152, -2.67855, -2.08606
47.9479, -2.69129, -2.11459, -2.68807, -2.10978, -2.6836, -2.11244
48.0229, -2.71268, -2.11427, -2.71518, -2.10219, -2.70523, -2.11503
48.0729, -2.72694, -2.11406, -2.72527, -2.10971, -2.72467, -2.11134
48.1229, -2.74121, -2.11384, -2.74141, -2.10663, -2.73193, -2.11479
48.1979, -2.76261, -2.11352, -2.76302, -2.10158, -2.74586, -2.1285
48.2479, -2.77687, -2.11331, -2.77317, -2.10909, -2.77451, -2.11266
48.3229, -2.79826, -2.11299, -2.80023, -2.10173, -2.79803, -2.10644
48.398, -2.81969, -2.11267, -2.82186, -2.09717, -2.82238, -2.10149
48.4479, -2.83392, -2.11245, -2.83205, -2.10528, -2.83429, -2.10395
48.5229, -2.85531, -2.11213, -2.85318, -2.10976, -2.85463, -2.11448
48.5979, -2.87671, -2.11181, -2.87519, -2.10246, -2.87672, -2.10637
48.6479, -2.89097, -2.1116, -2.89134, -2.10152, -2.89044, -2.10763
48.7484, -2.91965, -2.11117, -2.91841, -2.10273, -2.9102, -2.10814
48.7729, -2.92663, -2.11106, -2.92936, -2.10005, -2.91904, -2.10868
48.8729, -2.95516, -2.11063, -2.95687, -2.09889, -2.95661, -2.10195
48.9479, -2.97655, -2.11031, -3.49356, 0.211285, -2.97977, -2.10394
48.9979, -2.99082, -2.1101, -2.98813, -2.10003, -2.98779, -2.09844
49.0729, -3.01221, -2.10978, -3.01066, -2.09891, -3.02312, -2.08275
49.1229, -3.02647, -2.10956, -3.02837, -2.0933, -3.03898, -2.08847
49.1979, -3.04786, -2.10924, -3.04414, -2.10133, -3.04516, -2.09345
49.2483, -3.06226, -2.10903, -3.05595, -2.10375, -3.06687, -2.07807
49.3229, -3.08354, -2.10871, -3.07125, -2.1014, -3.08287, -2.10089
49.3979, -3.10492, -2.10839, -3.08559, -2.0919, -3.09145, -2.12144
49.4479, -3.11918, -2.10817, -3.10674, -2.10127, -3.10654, -2.12645
49.5229, -3.14058, -2.10785, -3.13295, -2.10796, -3.13089, -2.10222
49.5979, -3.16198, -2.10753, -3.14926, -2.09346, -3.14519, -2.10258
49.6479, -3.17623, -2.10732, -3.16814, -2.10172, -3.17749, -2.09063
49.7479, -3.20478, -2.10689, -3.19699, -2.1068, -3.19795, -2.09465
49.7735, -3.21207, -2.10678, -2.3805, -1.75581, -3.20836, -2.09597
49.8729, -3.24042, -2.10635, -3.24394, -2.09948, -3.23727, -2.08789
49.9479, -3.22349, -2.14859, -3.21107, -2.11078, -3.21438, -2.14036
49.9979, -3.16085, -2.23047, -3.15519, -2.19558, -3.16591, -2.19778
50.0729, -3.06268, -2.34973, -3.05453, -2.32756, -3.06457, -2.32097
50.1229, -2.99439, -2.42691, -2.99681, -2.41178, -3.00884, -2.39291
50.1979, -2.88794, -2.5389, -2.9029, -2.5223, -2.89665, -2.51101
50.2729, -2.77673, -2.6463, -2.77798, -2.62939, -2.77777, -2.62528
50.3229, -2.70013, -2.71517, -2.69845, -2.6972, -2.71516, -2.68328
50.3979, -2.58153, -2.81439, -2.58538, -2.79825, -2.60596, -2.77591
50.4478, -2.50028, -2.87757, -2.50457, -2.86038, -2.50519, -2.85934
50.5229, -2.37492, -2.96808, -2.36924, -2.95793, -2.37319, -2.95603
50.5979, -2.24585, -3.05311, -2.25638, -3.03326, -2.25594, -3.03832
50.6479, -2.15778, -3.10672, -2.16864, -3.07974, -2.14686, -3.11091
50.7479, -1.9774, -3.20622, -1.9862, -3.19169, -1.97948, -3.20633
50.7729, -1.93145, -3.22947, -1.93097, -3.2168, -1.9222, -3.23298
50.8729, -1.74441, -3.31587, -1.74253, -3.3011, -1.76719, -3.30195
50.9479, -1.60101, -3.37361, -1.61089, -3.35885, -1.64039, -3.3496
50.9979, -1.50412, -3.40867, -1.51946, -3.38431, -1.54657, -3.38439
51.0729, -1.35698, -3.45605, -1.36014, -3.44365, -1.38526, -3.44002
51.1228, -1.25797, -3.48407, -1.25801, -3.46879, -1.27884, -3.46864
51.1979, -1.10775, -3.52086, -1.12081, -3.50934, -1.11972, -3.50855
51.2729, -0.956179, -3.55117, -0.961898, -3.5417, -0.982403, -3.53405
51.323, -0.854354, -3.56778, -0.859704, -3.55789, -0.865072, -3.55791
51.3979, -0.701175, -3.58719, -0.713396, -3.57617, -0.705323, -3.5826
51.4479, -0.598483, -3.5965, -0.610891, -3.58592, -0.629833, -3.59159
51.5229, -0.53919, -3.60103, -0.548072, -3.58502, -0.51639, -3.60283
51.5979, -0.560583, -3.60071, -0.567534, -3.5862, -0.572672, -3.59593
51.6489, -0.575141, -3.60049, -0.582496, -3.58521, -0.586421, -3.59213
51.7482, -0.603467, -3.60006, -7.39182, -2.18676, -0.601349, -3.59491
51.7729, -0.610509, -3.59996, -0.626947, -3.58883, -0.610343, -3.59235
51.8729, -0.63904, -3.59953, -0.655391, -3.5919, -0.634364, -3.59528
51.9479, -0.66043, -3.59921, -0.673061, -3.59122, -0.65522, -3.60379
51.9979, -0.674684, -3.599, -0.693535, -3.59154, -0.660435, -3.60556
52.0729, -0.696084, -3.59867, -0.71065, -3.5879, -0.699162, -3.60351
52.1229, -0.710341, -3.59846, -0.722981, -3.58861, -0.708848, -3.60309
52.1979, -0.731741, -3.59814, -0.750843, -3.5899, -0.723434, -3.59602
52.2479, -0.746007, -3.59793, -0.762512, -3.59274, -0.74887, -3.60199
52.3229, -0.767402, -3.5976, -0.780887, -3.59223, -0.766769, -3.6025
52.3979, -0.788802, -3.59728, -0.804665, -3.58567, -0.768541, -3.60081
52.4479, -0.803063, -3.59707, -0.816191, -3.58735, -0.79878, -3.59698
52.5229, -0.824447, -3.59675, -0.840699, -3.58876, -0.819712, -3.59617
52.5979, -0.845849, -3.59643, -0.847373, -3.59346, -0.847198, -3.59638
52.6479, -0.860112, -3.59621, -0.857123, -3.59933, -0.866676, -3.59384
52.7483, -0.888771, -3.59578, -0.892772, -3.59562, -0.887878, -3.59619
52.7729, -0.89577, -3.59568, -0.892129, -3.60299, -0.896157, -3.59279
52.8729, -0.876227, -3.60206, -0.872394, -3.61041, -0.880442, -3.59914
52.9479, -0.721407, -3.62239, -0.740734, -3.61412, -0.753364, -3.61615
52.9979, -0.617735, -3.63225, -0.624789, -3.63517, -0.64376, -3.62862
53.0729, -0.461847, -3.6415, -0.467175, -3.64332, -0.479554, -3.6376
53.1229, -0.357838, -3.64395, -0.363571, -3.64418, -0.34864, -3.64397
53.1979, -0.201755, -3.64206, -0.206371, -3.64456, -0.199601, -3.64067
53.2761, -0.0390954, -3.63298, -0.210091, -1.60829, -0.0336688, -3.63575
53.3229, 0.0579366, -3.62408, 0.0460346, -3.61326, 0.0640819, -3.62771
53.3979, 0.139493, -3.61457, 0.136777, -3.60788, 0.130911, -3.60626
53.4479, 0.132211, -3.61446, 0.133148, -3.60332, 0.111775, -3.60829
53.5229, 0.110816, -3.61414, 0.101786, -3.60472, 0.116903, -3.61428
53.5979, 0.089419, -3.61382, 0.0788783, -3.6023, 0.102151, -3.61412
53.6479, 0.0751538, -3.6136, -0.663081, -3.09462, 0.0824834, -3.61361
53.748, 0.0466088, -3.61317, 0.0600401, -3.6077, 0.0507894, -3.60992
53.7729, 0.0395064, -3.61307, 0.0508314, -3.60757, 0.0316007, -3.61172
53.8732, 0.010892, -3.61264, 0.0229757, -3.6073, 0.0157515, -3.60487
53.9479, -0.0104182, -3.61232, -0.0166891, -3.60387, -0.015704, -3.61061
53.9979, -0.0181693, -3.61164, -0.0384903, -3.59829, -0.0370461, -3.60595
54.0729, 0.119254, -3.59718, 0.107655, -3.58759, 0.107192, -3.59012
54.1229, 0.221826, -3.58307, 0.211776, -3.57493, 0.18423, -3.57635
54.1979, 0.374855, -3.55644, 0.357882, -3.55371, 0.349934, -3.55205
54.2729, 0.52658, -3.52328, 0.513885, -3.51509, 0.516348, -3.51169
54.3229, 0.626859, -3.49759, 0.61156, -3.48866, 0.602172, -3.49563
54.3979, 0.77595, -3.45367, 0.76089, -3.44662, 0.752085, -3.46041
54.4479, 0.874066, -3.42093, 0.85808, -3.42017, 0.869039, -3.4235
54.5229, 0.996231, -3.37451, 0.990157, -3.36559, 1.00311, -3.3744
54.5979, 0.974836, -3.37419, 0.96096, -3.36647, 0.977908, -3.37088
54.6479, 0.960566, -3.37398, 0.954888, -3.36708, 0.957148, -3.37011
54.7484, 0.931892, -3.37355, 0.922457, -3.3673, 0.936216, -3.37506
54.7729, 0.924909, -3.37344, 0.918099, -3.36852, 0.933226, -3.37316
54.8729, 0.896391, -3.37301, 0.884888, -3.36661, 0.87879, -3.37776
54.9479, 0.874987, -3.37269, 0.862038, -3.36529, 0.867024, -3.37385
54.9979, 0.860724, -3.37248, 0.848204, -3.36522, 0.857463, -3.3733
55.0729, 0.839326, -3.37216, 0.829403, -3.36628, 0.843827, -3.37548
55.1229, 0.892444, -3.35139, 0.884269, -3.34152, 0.890957, -3.35417
55.1979, 1.03492, -3.29628, 1.01733, -3.29249, 1.02468, -3.29896
55.2483, 1.12933, -3.25582, 1.10933, -3.25614, 1.13207, -3.25289
55.3229, 1.26676, -3.19103, 1.25528, -3.18768, 1.28684, -3.17628
55.3979, 1.36979, -3.13519, 1.35813, -3.13069, 1.37778, -3.1328
55.4482, 1.35543, -3.13497, 0.461128, -2.99476, 1.34656, -3.13628
55.5229, 1.33413, -3.13466, 1.33607, -3.12571, 1.33515, -3.13287
55.5979, 1.31273, -3.13433, 1.31683, -3.12539, 1.32116, -3.13388
55.648, 1.29844, -3.13412, 1.30811, -3.11938, 1.31572, -3.13359
55.7483, 1.26984, -3.13369, 1.27945, -3.11961, 1.25982, -3.13921
55.7729, 1.26281, -3.13359, 1.26888, -3.12412, 1.24662, -3.13593
55.8729, 1.39978, -3.05755, 1.40588, -3.04785, 1.38458, -3.05686
55.9479, 1.52917, -2.98103, 1.51969, -2.97791, 1.51796, -2.9862
55.9979, 1.58313, -2.94393, 1.58526, -2.9346, 1.56505, -2.94928
56.0729, 1.56174, -2.94361, 0.192753, -0.626521, 1.53903, -2.95542
56.1229, 1.54747, -2.94339, 1.52687, -2.92843, 1.54432, -2.94714
56.1979, 1.52607, -2.94307, 1.49704, -2.90832, 1.52189, -2.9448
56.2479, 1.51181, -2.94286, 1.50997, -2.93588, 1.49487, -2.94464
56.3229, 1.4904, -2.94254, 1.48785, -2.93529, 1.47521, -2.94581
56.3979, 1.46902, -2.94222, 1.47022, -2.93429, 1.44113, -2.95359
56.4479, 1.45475, -2.942, 1.45431, -2.93478, 1.42559, -2.95113
56.5229, 1.43335, -2.94168, 1.43527, -2.93343, 1.41693, -2.94964
56.5979, 1.41196, -2.94136, 1.41183, -2.93348, 1.39323, -2.948
56.6479, 1.3977, -2.94115, 1.39769, -2.93348, 1.38131, -2.94336
56.7479, 1.36917, -2.94072, 1.37051, -2.93315, 1.36557, -2.94096
56.7729, 1.40232, -2.92067, 1.40034, -2.91319, 1.40365, -2.91981
56.8729, 1.56632, -2.81748, 1.56791, -2.80906, 1.55033, -2.83265
56.9479, 1.63794, -2.7629, 1.64087, -2.75124, 1.63183, -2.77296
56.9981, 1.62362, -2.76268, 1.64255, -2.73886, 1.62905, -2.76393
57.0729, 1.60228, -2.76236, 0.41059, -0.382087, 1.60175, -2.76824
57.1229, 1.58801, -2.76215, 1.56271, -2.76108, 1.59401, -2.76322
57.1979, 1.56662, -2.76183, 1.52674, -2.76183, 1.56481, -2.76311
57.2729, 1.54523, -2.76151, 1.52326, -2.77625, 1.56628, -2.75387
57.3229, 1.53097, -2.76129, 1.49139, -2.72672, 1.54922, -2.75584
57.3979, 1.50957, -2.76097, 1.48626, -2.75179, 1.48091, -2.77402
57.448, 1.49529, -2.76076, 1.48918, -2.75504, 1.46921, -2.77329
57.5229, 1.47392, -2.76044, 1.44603, -2.74723, 1.46689, -2.76863
57.5979, 1.45252, -2.76012, 1.42076, -2.7371, 1.4534, -2.76519
57.6485, 1.43808, -2.7599, 1.41474, -2.74673, 1.44466, -2.764
57.7479, 1.40973, -2.75948, 1.38486, -2.76173, 1.42284, -2.75651
57.7729, 1.4026, -2.75937, 1.38921, -2.76066, 1.40779, -2.76226
57.8729, 1.37408, -2.75894, 1.35716, -2.76544, 1.38614, -2.75487
57.9479, 1.35267, -2.75862, 1.33822, -2.75903, 1.38016, -2.75002
57.9979, 1.33841, -2.75841, 1.32274, -2.76028, 1.36876, -2.75621
58.0729, 1.31702, -2.75809, 1.3011, -2.75613, 1.35454, -2.75191
58.1229, 1.30276, -2.75787, 1.28684, -2.75647, 1.31356, -2.75864
58.1979, 1.28135, -2.75755, 1.25178, -2.75529, 1.28347, -2.76142
58.2729, 1.25997, -2.75723, 1.24404, -2.75398, 1.24781, -2.76395
58.3229, 1.2457, -2.75702, 1.22976, -2.75198, 1.24555, -2.76126
58.3979, 1.2243, -2.75669, 1.20974, -2.74818, 1.20723, -2.7625
58.4479, 1.21005, -2.75648, 1.18088, -2.75556, 1.19821, -2.7599
58.5229, 1.18864, -2.75616, 1.17269, -2.74983, 1.20513, -2.75363
58.5979, 1.16726, -2.75584, 1.14678, -2.75706, 1.19476, -2.75065
58.6479, 1.15299, -2.75562, 1.14135, -2.7621, 1.16299, -2.75707
58.7479, 1.12446, -2.7552, 1.10996, -2.75151, 1.15018, -2.74933
58.7729, 1.11732, -2.75509, 1.10055, -2.7577, 1.12424, -2.75713
58.8729, 1.0888, -2.75466, 1.07287, -2.75189, 1.087, -2.75481
58.9479, 1.06741, -2.75434, 1.05294, -2.75463, 1.0471, -2.75767
58.9979, 1.05315, -2.75413, 1.04242, -2.75257, 1.0616, -2.74935
59.0729, 1.03175, -2.75381, 1.00546, -2.7573, 1.04121, -2.74983
59.1229, 1.01749, -2.75359, 1.00384, -2.76005, 1.02575, -2.75095
59.1979, 0.996089, -2.75327, 0.981208, -2.75792, 1.00079, -2.75624
59.2729, 0.974691, -2.75295, 0.960897, -2.75433, 0.962997, -2.76087
59.3229, 0.960422, -2.75274, 0.940207, -2.75276, 0.941601, -2.75967
59.3979, 0.939045, -2.75241, 0.924502, -2.75795, 0.926577, -2.75319
59.4479, 0.924779, -2.7522, 0.901838, -2.75881, 0.917905, -2.75433
59.5229, 0.903376, -2.75188, 0.888862, -2.75513, 0.905147, -2.7508
59.5979, 0.881985, -2.75156, 0.858426, -2.75174, 0.899777, -2.75185
59.6479, 0.867722, -2.75135, 0.853209, -2.74655, 0.883818, -2.75141
59.7479, 0.860744, -2.75124, 0.847381, -2.75158, 0.885472, -2.74709
59.7729, 0.828355, -2.76494, 0.807679, -2.7652, 0.843749, -2.76285
59.8729, 0.668493, -2.82615, 0.653342, -2.82549, 0.680581, -2.8245
59.9479, 0.546457, -2.86602, 0.53374, -2.86207, 0.541886, -2.86493
59.9979, 0.464249, -2.88966, 0.453368, -2.88915, 0.460543, -2.88581
60.0729, 0.339694, -2.92073, 0.320788, -2.9235, 0.336269, -2.91705
60.1229, 0.25598, -2.93847, 0.232678, -2.93722, 0.253785, -2.93621
60.1979, 0.129503, -2.96058, 0.11546, -2.95653, 0.133552, -2.96028
60.248, 0.0445893, -2.97232, 0.0289141, -2.97073, 0.0591704, -2.96892
60.3229, -0.0829588, -2.98535, -0.103553, -2.98492, -0.104403, -2.98281
60.3979, -0.211111, -2.99292, -0.228245, -2.98944, -0.184384, -2.98878
60.4479, -0.296657, -2.99491, -0.30338, -2.9921, -0.273215, -2.99328
60.5229, -0.424987, -2.99333, -0.440185, -2.99003, -0.440966, -2.98777
60.5979, -0.553226, -2.98626, -0.557905, -2.97941, -0.550408, -2.98282
60.6479, -0.638414, -2.9785, -0.651892, -2.96986, -0.656587, -2.97473
60.7479, -0.808066, -2.9557, -0.815643, -2.95412, -0.829296, -2.94677
60.7729, -0.850238, -2.9485, -0.859752, -2.93525, -0.868505, -2.93799
60.8729, -1.01779, -2.91367, -1.02752, -2.90118, -1.01734, -2.90976
60.9479, -1.14202, -2.88131, -1.14695, -2.87577, -1.13394, -2.88171
60.9979, -1.22406, -2.85679, -1.2283, -2.85056, -1.20852, -2.85837
61.0729, -1.34559, -2.81568, -1.35783, -2.80652, -1.36103, -2.80627
61.1229, -1.42565, -2.78538, -1.44552, -2.77311, -1.40943, -2.79271
61.1979, -1.54407, -2.73567, -1.54996, -2.73126, -1.52617, -2.74025
61.2483, -1.62241, -2.69943, -1.63016, -2.68641, -1.59686, -2.70794
61.3229, -1.73623, -2.64176, -1.73222, -2.63184, -1.70094, -2.65898
61.3979, -1.84813, -2.57894, -1.8391, -2.57213, -1.82755, -2.58817
61.4479, -1.92122, -2.5344, -1.91652, -2.52935, -1.90827, -2.53521
61.5229, -2.02843, -2.46371, -2.0263, -2.44901, -1.99534, -2.48661
61.5979, -2.13247, -2.38853, -2.12439, -2.38255, -2.1213, -2.39629
61.6479, -2.2, -2.33597, -2.1845, -2.33183, -2.16128, -2.36746
61.7479, -2.33043, -2.22518, -2.32011, -2.22308, -2.31214, -2.23417
61.7729, -2.36201, -2.19635, -2.35551, -2.18328, -2.33787, -2.21488
61.8729, -2.48427, -2.0765, -2.48143, -2.06282, -2.47332, -2.08848
61.9479, -2.57132, -1.98218, -2.55329, -1.97556, -2.5519, -2.00351
61.9979, -2.62709, -1.91725, -1.16205, -0.901338, -2.60727, -1.93166
62.0732, -2.7075, -1.81658, -2.69642, -1.81112, -2.69902, -1.81789
62.1229, -2.7582, -1.74824, -1.79285, -6.09187, -2.75783, -1.73495
62.1979, -2.83102, -1.64242, -2.82614, -1.64174, -2.81236, -1.66314
62.2479, -2.87697, -1.57028, -2.20974, -5.97288, -2.86976, -1.57487
62.3229, -2.94202, -1.45959, -2.93842, -1.45113, -2.93239, -1.46305
62.3979, -3.00226, -1.34627, -2.99079, -1.34975, -2.98847, -1.36186
62.4479, -3.03971, -1.26933, -3.02132, -1.26574, -3.02765, -1.2761
62.5229, -3.09173, -1.15198, -3.08257, -1.13905, -3.08201, -1.15698
62.5979, -3.13871, -1.03247, -3.1363, -1.03517, -3.12998, -1.03451
62.6508, -3.16872, -0.947079, -3.16987, -0.938405, -3.15672, -0.967856
62.7479, -3.21706, -0.788097, -3.21434, -0.785692, -3.20593, -0.808952
62.7729, -3.22809, -0.746721, -3.22583, -0.734078, -3.21484, -0.755228
62.8729, -3.26622, -0.579886, -3.26409, -0.559178, -3.25567, -0.573631
62.9479, -3.28854, -0.453457, -3.27435, -0.453073, -3.27769, -0.458334
62.9979, -3.30041, -0.368684, -3.2938, -0.362005, -3.28889, -0.393919
63.0729, -3.31367, -0.241009, -3.30865, -0.232713, -3.30755, -0.244679
63.1229, -3.31946, -0.15563, -3.3189, -0.139433, -3.31297, -0.158897
63.1979, -3.32359, -0.0273314, -3.31059, -0.0175014, -3.31618, -0.0575126
63.2729, -3.32222, 0.101012, -3.32151, 0.103127, -3.31889, 0.112187
63.3229, -3.31825, 0.186504, -3.31995, 0.206172, -3.31136, 0.212701
63.3979, -3.30774, 0.314461, -3.29423, 0.327504, -3.30438, 0.304224
63.4479, -3.29769, 0.399451, -3.28525, 0.393816, -3.29231, 0.406739
63.5229, -3.27809, 0.526319, -3.26034, 0.545871, -3.26964, 0.513941
63.5979, -3.25307, 0.652257, -3.25583, 0.650264, -3.24631, 0.644143
63.6481, -3.23331, 0.735945, -3.2429, 0.743785, -3.22732, 0.741197
63.7479, -3.18702, 0.900238, -3.18784, 0.898198, -3.18706, 0.881387
63.7729, -3.17395, 0.941011, -3.16776, 0.946481, -3.17165, 0.922148
63.8729, -3.11593, 1.10201, -3.10455, 1.12196, -3.11545, 1.08518
63.9479, -3.06644, 1.22044, -3.06572, 1.21531, -3.064, 1.20074
63.9979, -3.03062, 1.29824, -3.01859, 1.29737, -3.01729, 1.30123
64.0729, -2.97284, 1.4128, -2.97493, 1.41934, -2.96824, 1.40325
64.1229, -2.93158, 1.48782, -2.92995, 1.49423, -2.93411, 1.46547
64.1979, -2.86575, 1.59803, -2.86157, 1.59974, -2.86609, 1.58289
64.2479, -2.81928, 1.66987, -2.81647, 1.6717, -2.82238, 1.64785
64.3229, -2.74576, 1.77511, -2.74348, 1.78089, -2.73758, 1.77361
64.3979, -2.66779, 1.87713, -2.66752, 1.87637, -2.67332, 1.8607
64.4479, -2.61344, 1.94322, -2.61717, 1.94179, -2.62338, 1.91879
64.5229, -2.5284, 2.03941, -2.51973, 2.05049, -2.53355, 2.02433
64.5979, -2.43934, 2.13186, -2.43737, 2.13552, -2.44881, 2.11214
64.6479, -2.37782, 2.19132, -2.37788, 2.19201, -2.40999, 2.15399
64.7479, -2.2498, 2.30489, -2.24388, 2.30959, -2.25808, 2.28508
64.7729, -2.21679, 2.33214, -2.20779, 2.33763, -2.22994, 2.31088
64.8729, -2.08101, 2.43628, -2.06964, 2.44498, -2.08514, 2.43087
64.8979, -2.04612, 2.46112, -2.03933, 2.46402, -2.04617, 2.45336
64.9979, -1.90323, 2.55534, -1.90798, 2.55178, -1.93654, 2.52328
65.0729, -1.7931, 2.62033, -1.78859, 2.62157, -1.81167, 2.59633
65.1229, -1.77853, 2.62846, -1.76785, 2.63435, -1.77719, 2.61668
65.1979, -1.77853, 2.62846, -1.76785, 2.63435, -1.77126, 2.61955
65.2729, -1.77853, 2.62846, -1.76785, 2.63435, -1.77397, 2.61665
65.3229, -1.77853, 2.62846, -1.76785, 2.63435, -1.77125, 2.61839
65.3979, -1.77853, 2.62846, -1.76785, 2.63435, -1.76341, 2.62353
65.4479, -1.77853, 2.62846, -1.76785, 2.63435, -1.76341, 2.62353
65.5229, -1.77853, 2.62846, -1.76785, 2.63435, -1.76341, 2.62353
65.5979, -1.77853, 2.62846, -1.76785, 2.63435, -1.76341, 2.62353
65.6479, -1.77853, 2.62846, -1.76785, 2.63435, -1.76341, 2.62353
65.7483, -1.63285, 2.7041, -1.63724, 2.70135, -1.66234, 2.68246
65.7729, -1.59481, 2.72222, -1.58506, 2.72728, -1.6172, 2.70313
65.873, -1.43762, 2.79034, -1.42925, 2.79451, -1.44146, 2.78697
65.9479, -1.31762, 2.83538, -1.32587, 2.83392, -1.33396, 2.83032
65.9979, -1.23641, 2.86259, -1.2368, 2.86055, -1.25613, 2.85305
66.0729, -1.11331, 2.89902, -1.1094, 2.90028, -1.12379, 2.88833
66.1229, -1.03044, 2.92036, -1.02063, 2.92202, -1.04527, 2.91107
66.1979, -0.964646, 2.93552, -0.955999, 2.93761, -0.963938, 2.9336
66.2729, -0.964646, 2.93552, -0.955999, 2.93761, -0.937782, 2.94723
66.3229, -0.964646, 2.93552, -0.955999, 2.93761, -0.929661, 2.94919
66.3979, -0.964646, 2.93552, -0.955999, 2.93761, -0.918398, 2.95272
66.4479, -0.964646, 2.93552, -0.955999, 2.93761, -0.918671, 2.95262
66.523, -0.964646, 2.93552, -0.955999, 2.93761, -0.922035, 2.9515
66.5979, -0.964646, 2.93552, -0.955999, 2.93761, -0.922543, 2.95133
66.6479, -0.964646, 2.93552, -0.955999, 2.93761, -0.927187, 2.94976
66.7479, -0.964646, 2.93552, -0.955999, 2.93761, -0.933433, 2.9477
66.7729, -0.964646, 2.93552, -0.955999, 2.93761, -0.933433, 2.9477
66.8729, -1.03232, 2.9199, -1.02063, 2.92202, -1.00687, 2.93122
66.9479, -1.15631, 2.88694, -1.14071, 2.89003, -1.1188, 2.89932
66.9998, -1.24134, 2.86101, -1.21502, 2.86937, -1.21924, 2.86353
67.0729, -1.35961, 2.82028, -1.35711, 2.82189, -1.35995, 2.81735
67.1229, -1.40962, 2.80252, -1.39715, 2.80597, -1.39263, 2.80904
67.1979, -1.40962, 2.80252, -1.39715, 2.80597, -1.40268, 2.80601
67.2729, -1.40962, 2.80252, -1.39715, 2.80597, -1.40398, 2.80515
67.3229, -1.40962, 2.80252, -1.39715, 2.80597, -1.40398, 2.80515
67.3979, -1.40962, 2.80252, -1.39715, 2.80597, -1.40398, 2.80515
67.4479, -1.40962, 2.80252, -1.39715, 2.80597, -1.40398, 2.80515
67.5229, -1.40962, 2.80252, -1.39715, 2.80597, -1.40398, 2.80515
67.5981, -1.40962, 2.80252, -1.39715, 2.80597, -1.40398, 2.80515
67.6479, -1.40962, 2.80252, -1.39715, 2.80597, -1.40398, 2.80515
67.7479, -1.40962, 2.80252, -1.39715, 2.80597, -1.40398, 2.80515
67.7729, -1.40962, 2.80252, -1.39715, 2.80597, -1.40398, 2.80515
67.8729, -1.40962, 2.80252, -1.39715, 2.80597, -1.40398, 2.80515
67.948, -1.40962, 2.80252, -1.39715, 2.80597, -1.40398, 2.80515
67.9979, -1.40962, 2.80252, -1.39715, 2.80597, -1.40398, 2.80515
68.0729, -1.40962, 2.80252, -1.39715, 2.80597, -1.40398, 2.80515
68.1229, -1.40962, 2.80252, -1.39715, 2.80597, -1.40398, 2.80515
68.1979, -1.40962, 2.80252, -1.39715, 2.80597, -1.40398, 2.80515
68.2729, -1.40962, 2.80252, -1.39715, 2.80597, -1.40398, 2.80515
68.3229, -1.40962, 2.80252, -1.39715, 2.80597, -1.40398, 2.80515
68.398, -1.40962, 2.80252, -1.39715, 2.80597, -1.40398, 2.80515
68.4479, -1.40962, 2.80252, -1.39715, 2.80597, -1.40398, 2.80515
68.5229, -1.40962, 2.80252, -1.39715, 2.80597, -1.40398, 2.80515
68.5979, -1.40962, 2.80252, -1.39715, 2.80597, -1.40398, 2.80515
68.6481, -1.40962, 2.80252, -1.39715, 2.80597, -1.40398, 2.80515
68.7508, -1.40962, 2.80252, -1.39715, 2.80597, -1.40398, 2.80515
68.773, -1.40962, 2.80252, -1.39715, 2.80597, -1.40398, 2.80515
68.8729, -1.40962, 2.80252, -1.39715, 2.80597, -1.40398, 2.80515
68.9479, -1.40962, 2.80252, -1.39715, 2.80597, -1.40398, 2.80515
68.9979, -1.40962, 2.80252, -1.39715, 2.80597, -1.40398, 2.80515
69.0729, -1.40962, 2.80252, -1.39715, 2.80597, -1.40398, 2.80515
69.123, -1.40962, 2.80252, -1.39715, 2.80597, -1.40398, 2.80515
69.1979, -1.40962, 2.80252, -1.39715, 2.80597, -1.40398, 2.80515
69.248, -1.40962, 2.80252, -1.39715, 2.80597, -1.40398, 2.80515
69.3229, -1.40962, 2.80252, -1.39715, 2.80597, -1.40398, 2.80515
69.3979, -1.40962, 2.80252, -1.39715, 2.80597, -1.40398, 2.80515
69.4479, 0, 0, -1.39715, 2.80597, 0, 0
