-1.46644e+09, -1.40965, 2.82146, -1.40551, 2.84788, -1.40674, 2.82142, 0.00291043, 0, -1.43115e-17, -1.7119e-17, 
0.518055, -1.40965, 2.82146, -1.40551, 2.84788, -1.40674, 2.82142, 0.00291043, 0, -1.47451e-17, -1.71646e-17, 
0.592895, -1.40965, 2.82146, -1.40084, 2.77551, -1.40674, 2.82142, 0.00291043, 0, -1.47451e-17, -1.71413e-17, 
0.668111, -1.40965, 2.82146, -1.38027, 2.82841, -1.40674, 2.82142, 0.00291043, 0, -1.38778e-17, -1.73846e-17, 
0.718188, -1.40965, 2.82146, -1.38027, 2.82841, -1.40674, 2.82142, 0.00291043, 0, -1.47451e-17, -1.73421e-17, 
0.793028, -1.40965, 2.82146, -1.38027, 2.82841, -1.40674, 2.82142, 0.00291043, 0, -1.47451e-17, -1.74895e-17, 
0.842899, -1.40965, 2.82146, -1.38027, 2.82841, -1.40674, 2.82142, 0.00291043, 0, -1.43115e-17, -1.74589e-17, 
0.918151, -1.40965, 2.82146, -1.38027, 2.82841, -1.40674, 2.82142, 0.00291043, 0, -1.47451e-17, -1.75458e-17, 
0.992956, -1.40965, 2.82146, -1.38027, 2.82841, -1.40674, 2.82142, 0.00291043, 0, -1.47451e-17, -1.72639e-17, 
1.04287, -1.40965, 2.82146, -1.38027, 2.82841, -1.40674, 2.82142, 0.00291043, 0, -1.51788e-17, -1.72487e-17, 
1.14285, -1.40965, 2.82146, -1.38027, 2.82841, -1.40674, 2.82142, 0.00291043, 0, -1.51788e-17, -1.69262e-17, 
1.16812, -1.40965, 2.82146, -1.38027, 2.82841, -1.40674, 2.82142, 0.00291043, 0, -1.51788e-17, -1.69058e-17, 
1.26809, -1.40965, 2.82146, -1.38027, 2.82841, -1.40674, 2.82142, 0.00291043, 0, -1.51788e-17, -1.72585e-17, 
1.34288, -1.40965, 2.82146, -1.38027, 2.82841, -1.40674, 2.82142, 0.00291043, 0, -1.56125e-17, -1.72485e-17, 
1.39313, -1.40965, 2.82146, -1.38027, 2.82841, -1.40674, 2.82142, 0.00291043, 0, -1.51788e-17, -1.73842e-17, 
1.4682, -1.40965, 2.82146, -1.38027, 2.82841, -1.40674, 2.82142, 0.00291043, 0, -1.51788e-17, -1.73238e-17, 
1.5181, -1.40965, 2.82146, -1.38027, 2.82841, -1.40674, 2.82142, 0.00291043, 0, -1.51788e-17, -1.7397e-17, 
1.59292, -1.40965, 2.82146, -1.38027, 2.82841, -1.40674, 2.82142, 0.00291043, 0, -1.51788e-17, -1.73355e-17, 
1.66806, -1.40965, 2.82146, -1.38027, 2.82841, -1.40674, 2.82142, 0.00291043, 0, -1.47451e-17, -1.71455e-17, 
1.71817, -1.40965, 2.82146, -1.38027, 2.82841, -1.40674, 2.82142, 0.00291043, 0, -1.47451e-17, -1.7213e-17, 
1.79293, -1.40965, 2.82146, -1.38027, 2.82841, -1.40674, 2.82142, 0.00291043, 0, -1.47451e-17, -1.73653e-17, 
1.84289, -1.40965, 2.82146, -1.38027, 2.82841, -1.40674, 2.82142, 0.00291043, 0, -1.43115e-17, -1.73287e-17, 
1.91803, -1.40965, 2.82146, -1.38027, 2.82841, -1.40674, 2.82142, 0.00291043, 0, -1.47451e-17, -1.71351e-17, 
1.99319, -1.40965, 2.82146, -1.38027, 2.82841, -1.40674, 2.82142, 0.00291043, 0, -1.51788e-17, -1.68219e-17, 
2.04295, -1.40965, 2.82146, -1.38027, 2.82841, -1.40674, 2.82142, 0.00291043, 0, -1.56125e-17, -1.67725e-17, 
2.14319, -1.40965, 2.82146, -1.38027, 2.82841, -1.40674, 2.82142, 0.00291043, 0, -1.51788e-17, -1.62135e-17, 
2.16791, -1.40965, 2.82146, -1.38027, 2.82841, -1.40674, 2.82142, 0.00291043, 0, -1.60462e-17, -1.62721e-17, 
2.26786, -1.40965, 2.82146, -1.38027, 2.82841, -1.40674, 2.82142, 0.00291043, 0, -1.56125e-17, -1.57153e-17, 
2.34318, -1.40965, 2.82146, -1.38027, 2.82841, -1.40674, 2.82142, 0.00291043, 0, -1.56125e-17, -1.55552e-17, 
2.39304, -1.40965, 2.82146, -1.38027, 2.82841, -1.40674, 2.82142, 0.00291043, 0, -1.56125e-17, -1.58418e-17, 
2.46786, -1.40965, 2.82146, -1.38027, 2.82841, -1.40674, 2.82142, 0.00291043, 0, -1.51788e-17, -1.56246e-17, 
2.51791, -1.40965, 2.82146, -1.38027, 2.82841, -1.40674, 2.82142, 0.00291043, 0, -1.56125e-17, -1.5504e-17, 
2.59312, -1.40965, 2.82146, -1.38027, 2.82841, -1.40674, 2.82142, 0.00291043, 0, -1.56125e-17, -1.57093e-17, 
2.66788, -1.40965, 2.82146, -1.38027, 2.82841, -1.40674, 2.82142, 0.00291043, 0, -1.56125e-17, -1.4826e-17, 
2.71804, -1.40965, 2.82146, -1.38027, 2.82841, -1.40674, 2.82142, 0.00291043, 0, -1.56125e-17, -1.49703e-17, 
2.79306, -1.40965, 2.82146, -1.38027, 2.82841, -1.40674, 2.82142, 0.00291043, 0, -1.60462e-17, -1.47957e-17, 
2.84379, -1.40965, 2.82146, -1.38027, 2.82841, -1.40674, 2.82142, 0.00291043, 0, -1.60462e-17, -1.47041e-17, 
2.9181, -1.40965, 2.82146, -1.38027, 2.82841, -1.40674, 2.82142, 0.00291043, 0, -1.64799e-17, -1.4539e-17, 
2.99329, -1.40965, 2.82146, -1.38027, 2.82841, -1.40674, 2.82142, 0.00291043, 0, -1.60462e-17, -1.47049e-17, 
3.04389, -1.40965, 2.82146, -1.38027, 2.82841, -1.40674, 2.82142, 0.00291043, 0, -1.64799e-17, -1.45084e-17, 
3.14323, -1.40965, 2.82146, -1.38027, 2.82841, -1.40674, 2.82142, 0.00291043, 0, -1.60462e-17, -1.46651e-17, 
3.16786, -1.40965, 2.82146, -1.38027, 2.82841, -1.40674, 2.82142, 0.00291043, 0, -1.64799e-17, -1.45041e-17, 
3.26787, -1.40965, 2.82146, -1.38027, 2.82841, -1.40674, 2.82142, 0.00291043, 0, -1.64799e-17, -1.44327e-17, 
3.34288, -1.40965, 2.82146, -1.38027, 2.82841, -1.40674, 2.82142, 0.00291043, 0, -1.64799e-17, -1.43751e-17, 
3.39319, -1.40965, 2.82146, -1.38027, 2.82841, -1.40674, 2.82142, 0.00291043, 0, -1.64799e-17, -1.43872e-17, 
3.46803, -1.40965, 2.82146, -1.38027, 2.82841, -1.40674, 2.82142, 0.00291043, 0, -1.64799e-17, -1.45817e-17, 
3.51805, -1.40965, 2.82146, -1.38027, 2.82841, -1.40674, 2.82142, 0.00291043, 0, -1.64799e-17, -1.45119e-17, 
3.5929, -1.40965, 2.82146, -1.38027, 2.82841, -1.40674, 2.82142, 0.00291043, 0, -1.64799e-17, -1.44098e-17, 
3.66812, -1.40965, 2.82146, -1.38027, 2.82841, -1.40674, 2.82142, 0.00291043, 0, -1.64799e-17, -1.44098e-17, 
3.7181, -1.40965, 2.82146, -1.38027, 2.82841, -1.40674, 2.82142, 0.00291043, 0, -1.64799e-17, -1.44098e-17, 
3.79287, -1.40965, 2.82146, -1.38027, 2.82841, -1.40674, 2.82142, 0.00291043, 0, -1.64799e-17, -1.44098e-17, 
3.84309, -1.40965, 2.82146, -1.38027, 2.82841, -1.40674, 2.82142, 0.00291043, 0, -1.64799e-17, -1.44098e-17, 
3.91787, -1.40965, 2.82146, -1.38027, 2.82841, -1.40674, 2.82142, 0.00291043, 0, -1.64799e-17, -1.44098e-17, 
3.99315, -1.40965, 2.82146, -1.38027, 2.82841, -1.40674, 2.82142, 0.00291043, 0, -1.64799e-17, -1.44289e-17, 
4.04287, -1.40965, 2.82146, -1.38027, 2.82841, -1.40674, 2.82142, 0.00291043, 0, -1.64799e-17, -1.44199e-17, 
4.14287, -1.40965, 2.82146, -1.38027, 2.82841, -1.40674, 2.82142, 0.00291043, 0, -1.64799e-17, -1.44062e-17, 
4.1682, -1.40965, 2.82146, -1.38027, 2.82841, -1.40674, 2.82142, 0.00291043, 0, -1.64799e-17, -1.45282e-17, 
4.26823, -1.40965, 2.82146, -1.38027, 2.82841, -1.40674, 2.82142, 0.00291043, 0, -1.69136e-17, -1.44642e-17, 
4.3429, -1.40965, 2.82146, -1.38027, 2.82841, -1.40674, 2.82142, 0.00291043, 0, -1.69136e-17, -1.47313e-17, 
4.39304, -1.40965, 2.82146, -1.38027, 2.82841, -1.40674, 2.82142, 0.00291043, 0, -1.69136e-17, -1.47083e-17, 
4.46803, -1.40965, 2.82146, -1.38027, 2.82841, -1.40674, 2.82142, 0.00291043, 0, -1.64799e-17, -1.45569e-17, 
4.51789, -1.40965, 2.82146, -1.38027, 2.82841, -1.40674, 2.82142, 0.00291043, 0, -1.73472e-17, -1.45567e-17, 
4.59288, -1.40965, 2.82146, -1.38027, 2.82841, -1.40674, 2.82142, 0.00291043, 0, -1.64799e-17, -1.45838e-17, 
4.66806, -1.40965, 2.82146, -1.38027, 2.82841, -1.40674, 2.82142, 0.00291043, 0, -1.64799e-17, -1.45725e-17, 
4.71821, -1.40965, 2.82146, -1.38027, 2.82841, -1.40674, 2.82142, 0.00291043, 0, -1.64799e-17, -1.43161e-17, 
4.79295, -1.40965, 2.82146, -1.38027, 2.82841, -1.40674, 2.82142, 0.00291043, 0, -1.69136e-17, -1.44581e-17, 
4.84288, -1.40965, 2.82146, -1.38027, 2.82841, -1.40674, 2.82142, 0.00291043, 0, -1.69136e-17, -1.44276e-17, 
4.91812, -1.40965, 2.82146, -1.38027, 2.82841, -1.40674, 2.82142, 0.00291043, 0, -1.73472e-17, -1.44285e-17, 
4.99292, -1.40965, 2.82146, -1.38027, 2.82841, -1.40674, 2.82142, 0.00291043, 0, -1.69136e-17, -1.44379e-17, 
5.0429, -1.40965, 2.82146, -1.38027, 2.82841, -1.40674, 2.82142, 0.00291043, 0, -1.73472e-17, -1.44147e-17, 
5.14288, -1.40965, 2.82146, -1.38027, 2.82841, -1.40674, 2.82142, 0.00291043, 0, -1.77809e-17, -1.48328e-17, 
5.16818, -1.40965, 2.82146, -1.38027, 2.82841, -1.40674, 2.82142, 0.00291043, 0, -1.77809e-17, -1.47041e-17, 
5.26813, -1.40965, 2.82146, -1.38027, 2.82841, -1.40674, 2.82142, 0.00291043, 0, -1.82146e-17, -1.49247e-17, 
5.34287, -1.40965, 2.82146, -1.38027, 2.82841, -1.40674, 2.82142, 0.00291043, 0, -1.82146e-17, -1.50375e-17, 
5.3931, -1.40965, 2.82146, -1.38027, 2.82841, -1.40674, 2.82142, 0.00291043, 0, -1.77809e-17, -1.48934e-17, 
5.46812, -1.40965, 2.82146, -1.38027, 2.82841, -1.40674, 2.82142, 0.00291043, 0, -1.82146e-17, -1.49174e-17, 
5.51838, -1.40965, 2.82146, -1.38027, 2.82841, -1.40674, 2.82142, 0.00291043, 0, -1.82146e-17, -1.49587e-17, 
5.59295, -1.40965, 2.82146, -1.38027, 2.82841, -1.40674, 2.82142, 0.00291043, 0, -1.82146e-17, -1.51883e-17, 
5.66786, -1.40965, 2.82146, -1.38027, 2.82841, -1.40674, 2.82142, 0.00291043, 0, -1.82146e-17, -1.57088e-17, 
5.71789, -1.40965, 2.82146, -1.38027, 2.82841, -1.40674, 2.82142, 0.00291043, 0, -1.82146e-17, -1.5684e-17, 
5.79288, -1.40965, 2.82146, -1.38027, 2.82841, -1.40674, 2.82142, 0.00291043, 0, -1.82146e-17, -1.5462e-17, 
5.84331, -1.40965, 2.82146, -1.38027, 2.82841, -1.40674, 2.82142, 0.00291043, 0, -1.86483e-17, -1.53581e-17, 
5.91806, -1.40965, 2.82146, -1.38027, 2.82841, -1.40674, 2.82142, 0.00291043, 0, -1.86483e-17, -1.54102e-17, 
5.99288, -1.40965, 2.82146, -1.38027, 2.82841, -1.40674, 2.82142, 0.00291043, 0, -1.86483e-17, -1.52431e-17, 
6.04291, -1.40965, 2.82146, -1.38027, 2.82841, -1.40674, 2.82142, 0.00291043, 0, -1.9082e-17, -1.51607e-17, 
6.14289, -1.40965, 2.82146, -1.38027, 2.82841, -1.40674, 2.82142, 0.00291043, 0, -1.95156e-17, -1.51661e-17, 
6.16789, -1.40965, 2.82146, -1.38027, 2.82841, -1.40674, 2.82142, 0.00291043, 0, -1.86483e-17, -1.51483e-17, 
6.26787, -1.40965, 2.82146, -1.38027, 2.82841, -1.40674, 2.82142, 0.00291043, 0, -1.9082e-17, -1.52543e-17, 
6.34312, -1.40965, 2.82146, -1.38027, 2.82841, -1.40674, 2.82142, 0.00291043, 0, -1.86483e-17, -1.5167e-17, 
6.39312, -1.40965, 2.82146, -1.38027, 2.82841, -1.40674, 2.82142, 0.00291043, 0, -1.9082e-17, -1.52323e-17, 
6.46818, -1.40965, 2.82146, -1.38027, 2.82841, -1.40674, 2.82142, 0.00291043, 0, -1.95156e-17, -1.53744e-17, 
6.5179, -1.40965, 2.82146, -1.38027, 2.82841, -1.40674, 2.82142, 0.00291043, 0, -1.95156e-17, -1.5328e-17, 
6.59311, -1.40965, 2.82146, -1.38027, 2.82841, -1.40674, 2.82142, 0.00291043, 0, -1.95156e-17, -1.52864e-17, 
6.64372, -1.40965, 2.82146, -1.38027, 2.82841, -1.40674, 2.82142, 0.00291043, 0, -1.99493e-17, -1.51745e-17, 
6.7179, -1.40965, 2.82146, -1.38027, 2.82841, -1.40674, 2.82142, 0.00291043, 0, -1.95156e-17, -1.47537e-17, 
6.79307, -1.40965, 2.82146, -1.38027, 2.82841, -1.40674, 2.82142, 0.00291043, 0, -1.95156e-17, -1.52662e-17, 
6.84314, -1.40965, 2.82146, -1.38027, 2.82841, -1.40674, 2.82142, 0.00291043, 0, -1.95156e-17, -1.52617e-17, 
6.91789, -1.40965, 2.82146, -1.38027, 2.82841, -1.40674, 2.82142, 0.00291043, 0, -1.95156e-17, -1.56509e-17, 
6.99353, -1.40965, 2.82146, -1.38027, 2.82841, -1.40674, 2.82142, 0.00291043, 0, -1.95156e-17, -1.55345e-17, 
7.04367, -1.40965, 2.82146, -1.38027, 2.82841, -1.40674, 2.82142, 0.00291043, 0, -2.0383e-17, -1.56073e-17, 
7.14327, -1.40965, 2.82146, -1.38027, 2.82841, -1.40674, 2.82142, 0.00291043, 0, -1.99493e-17, -1.57843e-17, 
7.16789, -1.40965, 2.82146, -1.38027, 2.82841, -1.40674, 2.82142, 0.00291043, 0, -1.99493e-17, -1.57611e-17, 
7.26787, -1.40965, 2.82146, -1.38027, 2.82841, -1.40674, 2.82142, 0.00291043, 0, -2.08167e-17, -1.57993e-17, 
7.34319, -1.40965, 2.82146, -1.38027, 2.82841, -1.40674, 2.82142, 0.00291043, 0, -2.08167e-17, -1.58833e-17, 
7.39308, -1.40965, 2.82146, -1.38027, 2.82841, -1.40674, 2.82142, 0.00291043, 0, -2.08167e-17, -1.59451e-17, 
7.4682, -1.40965, 2.82146, -1.38027, 2.82841, -1.40674, 2.82142, 0.00291043, 0, -2.08167e-17, -1.5897e-17, 
7.51787, -1.40965, 2.82146, -1.38027, 2.82841, -1.40674, 2.82142, 0.00291043, 0, -2.0383e-17, -1.59647e-17, 
7.59289, -1.40965, 2.82146, -1.38027, 2.82841, -1.40674, 2.82142, 0.00291043, 0, -2.0383e-17, -1.5875e-17, 
7.66814, -1.40965, 2.82146, -1.38027, 2.82841, -1.40674, 2.82142, 0.00291043, 0, -2.0383e-17, -1.59048e-17, 
7.71788, -1.40965, 2.82146, -1.38027, 2.82841, -1.40674, 2.82142, 0.00291043, 0, -2.0383e-17, -1.59048e-17, 
7.79299, -1.40965, 2.82146, -1.38027, 2.82841, -1.40674, 2.82142, 0.00291043, 0, -2.0383e-17, -1.59048e-17, 
7.84287, -1.40965, 2.82146, -1.38027, 2.82841, -1.40674, 2.82142, 0.00291043, 0, -1.99493e-17, -1.58921e-17, 
7.91789, -1.40965, 2.82146, -1.38027, 2.82841, -1.40674, 2.82142, 0.00291043, 0, -2.0383e-17, -1.59071e-17, 
7.99288, -1.40965, 2.82146, -1.38027, 2.82841, -1.40674, 2.82142, 0.00291043, 0, -2.08167e-17, -1.59528e-17, 
8.04288, -1.40965, 2.82146, -1.38027, 2.82841, -1.40674, 2.82142, 0.00291043, 0, -2.08167e-17, -1.58025e-17, 
8.14289, -1.40965, 2.82146, -1.38027, 2.82841, -1.40674, 2.82142, 0.00291043, 0, -2.12504e-17, -1.57465e-17, 
8.16828, -1.40965, 2.82146, -1.38027, 2.82841, -1.40674, 2.82142, 0.00291043, 0, -2.08167e-17, -1.57672e-17, 
8.26802, -1.40965, 2.82146, -1.38027, 2.82841, -1.40674, 2.82142, 0.00291043, 0, -2.0383e-17, -1.62019e-17, 
8.34289, -1.40965, 2.82146, -1.38027, 2.82841, -1.40674, 2.82142, 0.00291043, 0, -2.0383e-17, -1.58824e-17, 
8.39288, -1.40965, 2.82146, -1.38027, 2.82841, -1.40674, 2.82142, 0.00291043, 0, -2.08167e-17, -1.59728e-17, 
8.46808, -1.40965, 2.82146, -1.38027, 2.82841, -1.40674, 2.82142, 0.00291043, 0, -2.12504e-17, -1.57673e-17, 
8.51831, -1.40965, 2.82146, -1.38027, 2.82841, -1.40674, 2.82142, 0.00291043, 0, -2.0383e-17, -1.55221e-17, 
8.59318, -1.40965, 2.82146, -1.38027, 2.82841, -1.40674, 2.82142, 0.00291043, 0, -2.12504e-17, -1.53851e-17, 
8.66786, -1.40965, 2.82146, -1.38027, 2.82841, -1.40674, 2.82142, 0.00291043, 0, -2.0383e-17, -1.51612e-17, 
8.71801, -1.40965, 2.82146, -1.38027, 2.82841, -1.40674, 2.82142, 0.00291043, 0, -1.99493e-17, -1.52234e-17, 
8.79304, -1.40965, 2.82146, -1.38027, 2.82841, -1.40674, 2.82142, 0.00291043, 0, -1.99493e-17, -1.5062e-17, 
8.84287, -1.40965, 2.82146, -1.38027, 2.82841, -1.40674, 2.82142, 0.00291043, 0, -1.95156e-17, -1.52441e-17, 
8.91804, -1.41837, 2.82159, -1.389, 2.82854, -1.41541, 2.82054, 0.0116367, 0, 0.0101362, 0.00160748, 
9.0182, -1.44434, 2.82198, -1.42532, 2.81668, -1.44758, 2.81613, 0.0376033, 0, 0.0335088, 0.0028869, 
9.14299, -1.47668, 2.82247, -1.4501, 2.82143, -1.47345, 2.81972, 0.0699461, 0, 0.0593491, -0.000408229, 
9.21826, -1.49617, 2.82276, -1.47634, 2.81507, -1.50176, 2.81978, 0.0894447, 0, 0.0846192, -0.00143302, 
9.34305, -1.52854, 2.82324, -1.51493, 2.82424, -1.52625, 2.8194, 0.121819, 0, 0.108727, -0.000948684, 
9.39318, -1.54152, 2.82344, -1.52568, 2.81256, -1.54158, 2.81588, 0.134797, 0, 0.12801, 0.00453315, 
9.4683, -1.561, 2.82373, -1.53779, 2.83183, -1.55761, 2.81998, 0.154282, 0, 0.146557, 0.00175971, 
9.71786, -1.62574, 2.8247, -1.62292, 2.8218, -1.61414, 2.82819, 0.219025, 0, 0.216052, 0.000431841, 
9.91817, -1.67774, 2.82548, -1.65383, 2.83174, -1.68826, 2.81911, 0.271027, 0, 0.268478, 3.6186e-05, 
10.2443, -1.76225, 2.82675, -1.74687, 2.81584, -1.74596, 2.83475, 0.35555, 0, 0.350707, -0.00230825, 
10.3433, -1.78793, 2.82714, -1.76169, 2.82752, -1.78082, 2.83267, 0.381234, 0, 0.381173, -0.00191088, 
10.518, -1.83326, 2.82782, -1.80986, 2.82589, -1.82739, 2.83424, 0.426567, 0, 0.42696, -0.0031084, 
10.7182, -1.88519, 2.82859, -1.87932, 2.82533, -1.88027, 2.82296, 0.478503, 0, 0.47425, 0.00598586, 
11.0929, -1.9823, 2.83005, -1.98089, 2.82312, -1.96832, 2.83442, 0.575629, 0, 0.569172, -7.85919e-05, 
11.2681, -2.02777, 2.83073, -2.02173, 2.82777, -2.02921, 2.82569, 0.621099, 0, 0.623003, 0.00539801, 
11.4681, -2.07954, 2.83151, -2.06952, 2.82481, -2.08236, 2.81532, 0.672876, 0, 0.664698, 0.00930467, 
11.6681, -2.13148, 2.83229, -2.13249, 2.82545, -2.12697, 2.83322, 0.72482, 0, 0.721041, -0.000530151, 
11.8678, -2.18321, 2.83307, -2.17155, 2.82605, -2.19051, 2.82172, 0.776555, 0, 0.771299, 0.0030103, 
11.9179, -2.19627, 2.83326, -2.19423, 2.82537, -2.1917, 2.82183, 0.789617, 0, 0.77928, 0.00753213, 
12.0181, -2.2222, 2.83365, -2.21182, 2.85162, -2.22624, 2.82022, 0.81555, 0, 0.809273, 0.00645705, 
12.0429, -2.22864, 2.83375, -2.21985, 2.84685, -2.23821, 2.81433, 0.82199, 0, 0.815119, 0.00826219, 
12.1679, -2.26101, 2.83423, -2.25327, 2.84868, -2.25685, 2.82996, 0.854371, 0, 0.846637, 0.00174038, 
12.3429, -2.30642, 2.83491, -2.28503, 2.82872, -2.30552, 2.82127, 0.899787, 0, 0.887299, 0.00539365, 
12.4182, -2.326, 2.83521, -2.30614, 2.82566, -2.32183, 2.8315, 0.91936, 0, 0.914077, 0.00286826, 
12.4931, -2.34539, 2.8355, -2.33455, 2.82741, -2.34474, 2.82717, 0.938759, 0, 0.934152, 0.00548768, 
12.5929, -2.37129, 2.83589, -2.34696, 2.83101, -2.37668, 2.81879, 0.964664, 0, 0.958464, 0.00868416, 
12.6429, -2.37944, 2.83601, -2.36974, 2.86166, -2.38126, 2.82082, 0.97281, 0, 0.966708, 0.00943025, 
12.7182, -2.37944, 2.83601, -2.36615, 2.85017, -2.38502, 2.82493, 0.97281, 0, 0.968695, 0.00400745, 
12.7429, -2.37944, 2.83601, -2.36615, 2.85017, -2.38234, 2.82689, 0.97281, 0, 0.968836, 0.00410163, 
12.7929, -2.37944, 2.83601, -2.36615, 2.85017, -2.36827, 2.83576, 0.97281, 0, 0.968155, 0.00494467, 
12.8929, -2.37944, 2.83601, -2.36615, 2.85017, -2.36688, 2.83617, 0.97281, 0, 0.968185, 0.00557081, 
12.9183, -2.37944, 2.83601, -2.36615, 2.85017, -2.36829, 2.83607, 0.97281, 0, 0.968119, 0.00459755, 
13.0179, -2.37944, 2.83601, -2.36615, 2.85017, -2.36911, 2.83601, 0.97281, 0, 0.968081, 0.0040263, 
13.0931, -2.37944, 2.83601, -2.36615, 2.85017, -2.36852, 2.83605, 0.97281, 0, 0.968108, 0.00443887, 
13.1432, -2.37944, 2.83601, -2.36615, 2.85017, -2.36948, 2.83598, 0.97281, 0, 0.968063, 0.0037724, 
13.2179, -2.39328, 2.83622, -2.37999, 2.85038, -2.38183, 2.84252, 0.986653, 0, 0.980133, -0.00284432, 
13.2679, -2.40623, 2.83641, -2.39708, 2.84519, -2.40207, 2.83909, 0.999599, 0, 0.996367, -0.00207313, 
13.3434, -2.42585, 2.83671, -2.41287, 2.84253, -2.42176, 2.83336, 1.01923, 0, 1.01365, 0.00219283, 
13.3932, -2.43874, 2.8369, -2.42415, 2.86095, -2.45084, 2.81838, 1.03212, 0, 1.02692, 0.00551255, 
13.4679, -2.4581, 2.83719, -2.4504, 2.85223, -2.47625, 2.80568, 1.05148, 0, 1.04044, 0.00925677, 
13.5433, -2.47773, 2.83748, -2.47813, 2.86102, -2.498, 2.8037, 1.07111, 0, 1.06176, 0.0110091, 
13.5931, -2.49058, 2.83768, -2.48621, 2.87323, -2.50686, 2.8043, 1.08396, 0, 1.0699, 0.00987524, 
13.6679, -2.50992, 2.83797, -2.50967, 2.86101, -2.52503, 2.80969, 1.10331, 0, 1.09297, 0.00843459, 
13.7432, -2.51186, 2.838, -2.50179, 2.85616, -2.53521, 2.80287, 1.10524, 0, 1.09468, 0.00859476, 
13.7931, -2.51186, 2.838, -2.51398, 2.86102, -2.54436, 2.79349, 1.10524, 0, 1.09489, 0.0108885, 
13.8931, -2.36388, 2.94634, -2.36483, 2.96944, -2.38224, 2.91309, 1.10524, 0, 1.09302, 0.0116115, 
13.9179, -2.32582, 2.97237, -2.33494, 2.98107, -2.3417, 2.93664, 1.10524, 0, 1.09017, 0.0143192, 
14.0179, -2.16926, 3.07218, -2.16393, 3.07952, -2.20001, 3.03183, 1.10524, 0, 1.09347, 0.014162, 
14.0929, -2.04897, 3.14141, -2.04428, 3.16629, -2.09615, 3.09308, 1.10524, 0, 1.09171, 0.0135517, 
14.1442, -1.96488, 3.18622, -1.9633, 3.19211, -1.99796, 3.15262, 1.10524, 0, 1.08905, 0.00554867, 
14.2179, -1.84181, 3.24674, -1.84932, 3.25873, -1.86762, 3.22401, 1.10524, 0, 1.0988, 0.00699903, 
14.2681, -1.7574, 3.28494, -1.75641, 3.29749, -1.78935, 3.26278, 1.10524, 0, 1.09833, 0.00384747, 
14.3433, -1.69579, 3.31166, -1.69064, 3.3151, -1.71585, 3.29914, 1.10631, 0.000289909, 1.09815, -0.00133657, 
14.3931, -1.70719, 3.31183, -1.68516, 3.29905, -1.72037, 3.30061, 1.11731, 0.00327106, 1.11115, 0.00503301, 
14.4679, -1.72658, 3.31212, -1.71496, 3.34172, -1.76109, 3.28684, 1.13603, 0.00834209, 1.13003, 0.0157884, 
14.5429, -1.74603, 3.31241, -1.73522, 3.32098, -1.76036, 3.3019, 1.15481, 0.0134306, 1.14844, 0.0133424, 
14.5929, -1.75906, 3.31261, -1.74308, 3.34094, -1.77257, 3.29766, 1.16738, 0.0168394, 1.16095, 0.0222836, 
14.6683, -1.77861, 3.3129, -1.76922, 3.34163, -1.78966, 3.29752, 1.18625, 0.0219528, 1.17477, 0.0248912, 
14.7429, -1.79792, 3.31319, -1.7867, 3.34456, -1.81093, 3.2975, 1.2049, 0.0270053, 1.19135, 0.0273867, 
14.7931, -1.81095, 3.31339, -1.79914, 3.32733, -1.82022, 3.29616, 1.21747, 0.0304115, 1.20086, 0.0319398, 
14.893, -1.83681, 3.31378, -1.82411, 3.32232, -1.85961, 3.29037, 1.24244, 0.0371769, 1.23064, 0.0424427, 
14.9681, -1.85637, 3.31407, -1.8377, 3.32846, -1.87795, 3.29198, 1.26132, 0.0422947, 1.25332, 0.0497285, 
15.018, -1.86925, 3.31426, -1.85583, 3.34166, -1.87193, 3.29862, 1.27375, 0.0456631, 1.26348, 0.0539985, 
15.0931, -1.88872, 3.31456, -1.88214, 3.3324, -1.89765, 3.30087, 1.29254, 0.0507552, 1.28571, 0.0561012, 
15.1429, -1.80551, 3.35281, -1.79149, 3.36919, -1.82832, 3.33693, 1.2929, 0.0508514, 1.28803, 0.0534753, 
15.2182, -1.67386, 3.40803, -1.67478, 3.41414, -1.71547, 3.38581, 1.2929, 0.0508514, 1.28525, 0.0508057, 
15.2681, -1.5849, 3.44198, -1.57749, 3.46494, -1.61444, 3.42447, 1.2929, 0.0508514, 1.28524, 0.0522533, 
15.3429, -1.45093, 3.48822, -1.44958, 3.50418, -1.49521, 3.46822, 1.2929, 0.0508514, 1.28693, 0.0523612, 
15.4182, -1.3138, 3.52964, -1.3128, 3.55382, -1.32467, 3.52368, 1.2929, 0.0508514, 1.28716, 0.0495009, 
15.468, -1.22235, 3.55405, -1.21854, 3.57713, -1.232, 3.55118, 1.2929, 0.0508514, 1.2876, 0.0467357, 
15.5429, -1.08426, 3.58618, -1.0788, 3.58866, -1.12352, 3.57494, 1.2929, 0.0508514, 1.28578, 0.048082, 
15.593, -0.995117, 3.60395, -0.999726, 3.61526, -1.03497, 3.5919, 1.2929, 0.0508514, 1.28537, 0.049972, 
15.7182, -0.970495, 3.60868, -0.963996, 3.6195, -1.02098, 3.58848, 1.29388, 0.051428, 1.27667, 0.0503996, 
15.7931, -0.987176, 3.60893, -0.975231, 3.61913, -1.04077, 3.58737, 1.30829, 0.0598494, 1.29274, 0.0608623, 
15.9182, -1.01963, 3.60941, -1.00566, 3.62267, -1.04324, 3.58871, 1.3363, 0.0762318, 1.32301, 0.0854537, 
15.9681, -1.03255, 3.60961, -1.01414, 3.62079, -1.04677, 3.59478, 1.34745, 0.082754, 1.33643, 0.0886363, 
16.0182, -1.04549, 3.6098, -1.03333, 3.62477, -1.06453, 3.5926, 1.35863, 0.0892872, 1.34986, 0.098976, 
16.0929, -1.06494, 3.61009, -1.05342, 3.62062, -1.09354, 3.60029, 1.37542, 0.0991091, 1.37086, 0.0999562, 
16.1683, -1.08446, 3.61039, -1.07123, 3.63509, -1.09547, 3.60497, 1.39227, 0.108964, 1.38647, 0.107649, 
16.2929, -1.10183, 3.61065, -1.08113, 3.62774, -1.12576, 3.59822, 1.40727, 0.11773, 1.40117, 0.121609, 
16.4929, -0.91638, 3.64572, -0.895942, 3.67054, -0.92348, 3.64065, 1.40727, 0.11773, 1.40141, 0.117513, 
16.6679, -0.584461, 3.6844, -0.600681, 3.68349, -0.588957, 3.6832, 1.40727, 0.11773, 1.40767, 0.119313, 
17.0432, 0.132631, 3.66526, 0.126196, 3.666, 0.0974669, 3.66587, 1.40727, 0.11773, 1.39812, 0.11404, 
17.8429, 1.06171, 3.39659, 1.04855, 3.39763, 1.0598, 3.39295, 1.43485, 0.17878, 1.42804, 0.177847, 
18.0181, 1.01629, 3.39727, 1.01536, 3.3959, 1.0063, 3.4027, 1.45356, 0.22017, 1.45445, 0.219095, 
18.3933, 0.91904, 3.39873, 0.914968, 3.39656, 0.901048, 3.3935, 1.49361, 0.308804, 1.47995, 0.310509, 
18.8429, 1.48307, 3.12514, 1.48044, 3.1236, 1.45375, 3.13604, 1.50444, 0.332782, 1.49624, 0.331531, 
19.218, 1.72403, 2.96317, 1.70697, 2.95898, 1.71743, 2.96383, 1.50665, 0.346445, 1.49935, 0.343345, 
20.9929, 1.4267, 2.96763, 1.41839, 2.96628, 1.41497, 2.9625, 1.55399, 0.640017, 1.54464, 0.64495, 
22.1182, 2.14064, 2.40667, 2.13465, 2.40739, 2.13769, 2.4198, 1.55399, 0.640017, 1.5615, 0.63808, 
23.5679, 1.82947, 2.41134, 1.82371, 2.41204, 1.81295, 2.43613, 1.52146, 0.949521, 1.52763, 0.945121, 
23.7178, 1.82728, 2.41138, 1.82036, 2.41221, 1.81439, 2.41886, 1.52123, 0.951693, 1.51773, 0.951891, 
23.9435, 1.77003, 2.41223, 1.76529, 2.41303, 1.76715, 2.41525, 1.51524, 1.00864, 1.51074, 1.00134, 
24.0179, 1.75075, 2.41252, 1.75291, 2.41071, 1.74562, 2.42759, 1.51323, 1.02782, 1.52002, 1.02342, 
24.2429, 1.69431, 2.41337, 1.69407, 2.40363, 1.69514, 2.41679, 1.50733, 1.08395, 1.50591, 1.07603, 
24.4429, 1.69431, 2.41337, 1.69424, 2.41282, 1.69591, 2.40211, 1.50733, 1.08395, 1.49521, 1.07929, 
24.4929, 1.69431, 2.41337, 1.69424, 2.41282, 1.69591, 2.40211, 1.50733, 1.08395, 1.49521, 1.07929, 
24.5681, 1.69431, 2.41337, 1.69424, 2.41282, 1.69591, 2.40211, 1.50733, 1.08395, 1.49521, 1.07929, 
24.6181, 1.69431, 2.41337, 1.69424, 2.41282, 1.69591, 2.40211, 1.50733, 1.08395, 1.49521, 1.07929, 
24.6929, 1.69431, 2.41337, 1.69424, 2.41282, 1.69591, 2.40211, 1.50733, 1.08395, 1.49521, 1.07929, 
24.7681, 1.69431, 2.41337, 1.69424, 2.41282, 1.69591, 2.40211, 1.50733, 1.08395, 1.49521, 1.07929, 
24.8181, 1.69431, 2.41337, 1.69424, 2.41282, 1.69591, 2.40211, 1.50733, 1.08395, 1.49521, 1.07929, 
24.8929, 1.70304, 2.40603, 1.70297, 2.40547, 1.7047, 2.39474, 1.50733, 1.08395, 1.49529, 1.07932, 
25.1179, 1.96927, 2.15323, 1.96132, 2.161, 1.94137, 2.17065, 1.50733, 1.08395, 1.49841, 1.08546, 
25.3182, 2.17942, 1.90421, 2.1751, 1.90916, 2.16547, 1.92201, 1.50733, 1.08395, 1.506, 1.08242, 
25.5183, 2.25266, 1.8036, 2.24664, 1.8019, 2.25867, 1.79563, 1.50733, 1.08395, 1.50561, 1.08063, 
25.943, 2.17264, 1.8048, 2.17191, 1.8051, 2.18048, 1.80101, 1.47849, 1.1586, 1.47696, 1.14843, 
26.345, 2.06844, 1.80637, 2.07024, 1.8065, 2.06011, 1.82393, 1.44094, 1.25582, 1.44173, 1.24943, 
26.3929, 2.05607, 1.80655, 2.05378, 1.80852, 2.04828, 1.81658, 1.43648, 1.26736, 1.43279, 1.26147, 
26.4931, 2.03002, 1.80694, 2.0289, 1.79893, 2.02335, 1.8065, 1.4271, 1.29166, 1.41607, 1.28398, 
26.5679, 2.01062, 1.80723, 2.01033, 1.80822, 2.00305, 1.8082, 1.42011, 1.30976, 1.40881, 1.30119, 
26.693, 1.99076, 1.80753, 1.99143, 1.8076, 1.9916, 1.80483, 1.41295, 1.32829, 1.41106, 1.32702, 
26.7679, 1.99076, 1.80753, 1.98888, 1.80287, 1.99732, 1.7934, 1.41295, 1.32829, 1.41318, 1.33561, 
26.8179, 1.99076, 1.80753, 1.98888, 1.80287, 1.9967, 1.80177, 1.41295, 1.32829, 1.41927, 1.33693, 
26.8682, 1.99076, 1.80753, 1.98888, 1.80287, 1.99675, 1.80895, 1.41295, 1.32829, 1.42553, 1.3389, 
26.9179, 1.99076, 1.80753, 1.98888, 1.80287, 1.99675, 1.80895, 1.41295, 1.32829, 1.42553, 1.3389, 
27.0178, 1.99076, 1.80753, 1.98888, 1.80287, 1.99675, 1.80895, 1.41295, 1.32829, 1.42553, 1.3389, 
27.0679, 1.99076, 1.80753, 1.98888, 1.80287, 1.99675, 1.80895, 1.41295, 1.32829, 1.42553, 1.3389, 
27.1433, 1.99076, 1.80753, 1.98888, 1.80287, 1.99675, 1.80895, 1.41295, 1.32829, 1.42553, 1.3389, 
27.2179, 1.99076, 1.80753, 1.98888, 1.80287, 1.99675, 1.80895, 1.41295, 1.32829, 1.42553, 1.3389, 
27.2679, 1.99076, 1.80753, 1.98888, 1.80287, 1.99675, 1.80895, 1.41295, 1.32829, 1.42553, 1.3389, 
27.3448, 1.99076, 1.80753, 1.98888, 1.80287, 1.99675, 1.80895, 1.41295, 1.32829, 1.42553, 1.3389, 
27.4179, 2.00343, 1.79114, 2.00151, 1.7865, 2.0028, 1.80356, 1.41295, 1.32829, 1.4272, 1.33886, 
27.5179, 2.09295, 1.66802, 2.08853, 1.67313, 2.09214, 1.69038, 1.41295, 1.32829, 1.42798, 1.33019, 
27.6429, 2.19545, 1.50824, 2.19151, 1.51362, 2.1872, 1.53337, 1.41295, 1.32829, 1.42353, 1.3348, 
27.7179, 2.2519, 1.40933, 2.24241, 1.41506, 2.24836, 1.42851, 1.41295, 1.32829, 1.42039, 1.32891, 
27.8179, 2.32139, 1.2736, 2.31674, 1.27979, 2.32623, 1.28384, 1.41295, 1.32829, 1.42061, 1.32397, 
27.9429, 2.34839, 1.18183, 2.34217, 1.18951, 2.35902, 1.19178, 1.40415, 1.34068, 1.41198, 1.32678, 
28.0929, 2.30957, 1.18241, 2.31089, 1.18304, 2.31777, 1.18623, 1.38166, 1.37234, 1.38436, 1.35883, 
28.3178, 2.2512, 1.18329, 2.24829, 1.18697, 2.25005, 1.20802, 1.34786, 1.41993, 1.35467, 1.41297, 
28.5181, 2.1993, 1.18407, 2.20036, 1.18382, 2.2048, 1.19894, 1.3178, 1.46225, 1.32919, 1.4595, 
28.7181, 2.14738, 1.18485, 2.14352, 1.1785, 2.14497, 1.20449, 1.28774, 1.50457, 1.28919, 1.49388, 
28.9432, 2.08902, 1.18572, 2.08683, 1.18802, 2.0949, 1.19423, 1.25394, 1.55216, 1.26415, 1.55219, 
29.1429, 2.03723, 1.1865, 2.03369, 1.19074, 2.05346, 1.1975, 1.22395, 1.59439, 1.24457, 1.59203, 
29.2182, 2.01769, 1.18679, 2.01921, 1.18727, 2.02503, 1.20947, 1.21263, 1.61033, 1.22781, 1.60306, 
29.3429, 2.07594, 1.05415, 2.0767, 1.05427, 2.08126, 1.06961, 1.21016, 1.6138, 1.2181, 1.60493, 
29.3931, 2.10225, 0.991772, 2.09751, 1.00263, 2.1113, 1.00913, 1.21016, 1.6138, 1.22238, 1.60485, 
29.5184, 2.16143, 0.831517, 2.15337, 0.837409, 2.16578, 0.841566, 1.21016, 1.6138, 1.21582, 1.60879, 
29.5931, 2.19164, 0.734439, 2.18859, 0.741022, 2.19073, 0.750147, 1.21016, 1.6138, 1.21247, 1.61052, 
29.7179, 2.23356, 0.570205, 2.22373, 0.575823, 2.23709, 0.59362, 1.21016, 1.6138, 1.2159, 1.60614, 
29.8179, 2.24107, 0.535094, 2.239, 0.541168, 2.2456, 0.557589, 1.21016, 1.6138, 1.21857, 1.61031, 
29.9436, 2.24107, 0.535094, 2.23962, 0.536914, 2.2522, 0.548904, 1.21016, 1.6138, 1.22441, 1.61156, 
29.9679, 2.24107, 0.535094, 2.23962, 0.536914, 2.25259, 0.560358, 1.21016, 1.6138, 1.23188, 1.62025, 
30.0179, 2.24107, 0.535094, 2.23962, 0.536914, 2.25259, 0.560358, 1.21016, 1.6138, 1.23188, 1.62025, 
30.0932, 2.24107, 0.535094, 2.23962, 0.536914, 2.25259, 0.560358, 1.21016, 1.6138, 1.23188, 1.62025, 
30.1432, 2.23363, 0.535205, 2.23218, 0.537026, 2.24234, 0.557925, 1.20442, 1.61853, 1.2234, 1.62686, 
30.2679, 2.20129, 0.53569, 2.20298, 0.536369, 2.21406, 0.537316, 1.17945, 1.63909, 1.19114, 1.63378, 
30.3434, 2.18171, 0.535984, 2.18097, 0.537994, 2.20139, 0.542701, 1.16433, 1.65154, 1.185, 1.64672, 
30.4431, 2.1559, 0.536371, 2.15408, 0.533037, 2.17294, 0.554555, 1.1444, 1.66795, 1.166, 1.66532, 
30.5432, 2.1299, 0.536761, 2.13145, 0.537529, 2.15133, 0.564451, 1.12433, 1.68448, 1.1535, 1.68279, 
30.643, 2.10399, 0.53715, 2.1036, 0.540436, 2.12189, 0.566465, 1.10433, 1.70094, 1.12786, 1.69468, 
30.7179, 2.08467, 0.53744, 2.08145, 0.533051, 2.10242, 0.560646, 1.08941, 1.71323, 1.11175, 1.70789, 
30.8179, 2.05863, 0.53783, 2.05869, 0.538763, 2.0698, 0.573856, 1.0693, 1.72978, 1.08749, 1.72377, 
30.9429, 2.0759, 0.415912, 2.07459, 0.418976, 2.09264, 0.464937, 1.06401, 1.73414, 1.08887, 1.72766, 
-1.46644e+09, 2.0823, 0.376643, 2.07136, 0.430231, 2.09264, 0.464937, 1.06401, 1.73414, 1.08887, 1.72766, 
31.0182, 2.09012, 0.321885, 2.08614, 0.33637, 2.11465, 0.34967, 1.06401, 1.73414, 1.09142, 1.72636, 
31.0679, 2.09744, 0.26005, 2.09473, 0.268353, 2.121, 0.300293, 1.06401, 1.73414, 1.09144, 1.72666, 
31.1429, 2.10556, 0.165383, 2.10396, 0.171623, 2.12774, 0.212072, 1.06401, 1.73414, 1.08966, 1.72828, 
31.193, 2.10891, 0.102009, 2.10589, 0.111153, 2.12961, 0.13767, 1.06401, 1.73414, 1.08572, 1.72767, 
31.2682, 2.11085, 0.00686605, 2.10557, 0.0151469, 2.1356, 0.0513531, 1.06401, 1.73414, 1.08909, 1.72812, 
31.3181, 2.11009, -0.0560237, 2.10462, -0.053574, 2.13631, -0.00975134, 1.06401, 1.73414, 1.08828, 1.72574, 
31.3929, 2.1059, -0.150302, 2.0979, -0.148935, 2.12481, -0.122458, 1.06401, 1.73414, 1.08095, 1.72949, 
31.4681, 2.098, -0.244981, 2.09842, -0.232519, 2.11697, -0.217672, 1.06401, 1.73414, 1.07974, 1.72935, 
31.5181, 2.09073, -0.307517, 2.09081, -0.301231, 2.10724, -0.292721, 1.06401, 1.73414, 1.07794, 1.72954, 
31.593, 2.0768, -0.400933, 2.07814, -0.39635, 2.09933, -0.363814, 1.06401, 1.73414, 1.0766, 1.72263, 
31.6681, 2.05912, -0.494359, 2.05386, -0.48589, 2.08345, -0.458589, 1.06401, 1.73414, 1.07676, 1.72196, 
31.718, 2.04537, -0.556003, 2.03811, -0.553343, 2.06391, -0.525461, 1.06401, 1.73414, 1.07206, 1.725, 
31.8179, 2.01313, -0.677995, 2.01374, -0.669316, 2.0295, -0.671961, 1.06401, 1.73414, 1.07587, 1.72642, 
31.8432, 2.00398, -0.708568, 2.00525, -0.703577, 2.0221, -0.694296, 1.06401, 1.73414, 1.07644, 1.72949, 
31.9429, 1.96401, -0.827903, 1.9636, -0.817757, 1.98402, -0.811143, 1.06401, 1.73414, 1.0751, 1.72679, 
32.0181, 1.92978, -0.916515, 1.93359, -0.902368, 1.95481, -0.892174, 1.06401, 1.73414, 1.07582, 1.72603, 
32.068, 1.90532, -0.974208, 1.90717, -0.967232, 1.92517, -0.962316, 1.06401, 1.73414, 1.07546, 1.7269, 
32.1429, 1.88169, -0.993078, 1.88362, -0.989099, 1.90984, -0.976833, 1.04888, 1.73483, 1.06473, 1.7238, 
32.1936, 1.86859, -0.992881, 1.87067, -0.989293, 1.90389, -0.972194, 1.03579, 1.73543, 1.05583, 1.72226, 
32.318, 1.83626, -0.992396, 1.83814, -0.992444, 1.86507, -0.97701, 1.00349, 1.73691, 1.01708, 1.71973, 
32.4184, 1.81027, -0.992006, 1.80514, -0.992207, 1.83659, -0.977421, 0.977523, 1.73809, 0.992654, 1.72857, 
32.4682, 1.79731, -0.991812, 1.79823, -0.991821, 1.82419, -0.976726, 0.964585, 1.73869, 0.979852, 1.72891, 
32.5682, 1.77141, -0.991423, 1.76666, -0.991614, 1.80848, -0.976954, 0.938699, 1.73987, 0.96185, 1.72488, 
32.5931, 1.76492, -0.991326, 1.76674, -0.991314, 1.8017, -0.973708, 0.932222, 1.74017, 0.954801, 1.7276, 
32.6928, 1.73903, -0.990938, 1.74119, -0.987591, 1.76519, -0.982887, 0.906356, 1.74135, 0.923111, 1.72994, 
32.7682, 1.71952, -0.990645, 1.71745, -0.99081, 1.74035, -0.983371, 0.886866, 1.74224, 0.89909, 1.732, 
32.8181, 1.70659, -0.990451, 1.7059, -0.990517, 1.73111, -0.982008, 0.873944, 1.74283, 0.890339, 1.73452, 
32.8929, 1.68717, -0.99016, 1.68212, -0.990356, 1.70374, -0.988788, 0.85454, 1.74372, 0.867902, 1.73846, 
32.9429, 1.67442, -0.989968, 1.67137, -0.990164, 1.69363, -0.997151, 0.841803, 1.7443, 0.859009, 1.73323, 
33.018, 1.6548, -0.989674, 1.65668, -0.985459, 1.68709, -0.987082, 0.822205, 1.7452, 0.842652, 1.72472, 
33.0929, 1.6353, -0.989381, 1.63068, -0.989563, 1.66953, -0.982981, 0.802717, 1.74609, 0.821734, 1.72312, 
33.1181, 1.62879, -0.989284, 1.62698, -0.989442, 1.66058, -0.984443, 0.796221, 1.74639, 0.812869, 1.72231, 
33.2182, 1.60285, -0.988895, 1.60375, -0.986852, 1.63454, -0.982154, 0.770306, 1.74757, 0.78714, 1.72611, 
33.2929, 1.58343, -0.988603, 1.58151, -0.988707, 1.61148, -0.977136, 0.750899, 1.74846, 0.764724, 1.73285, 
33.3439, 1.57022, -0.988405, 1.5717, -0.988462, 1.59445, -0.974618, 0.737705, 1.74906, 0.748555, 1.73741, 
33.4182, 1.55102, -0.988117, 1.55024, -0.988254, 1.57438, -0.977258, 0.718517, 1.74994, 0.73418, 1.7458, 
33.4681, 1.53802, -0.987922, 1.53892, -0.986779, 1.5638, -0.97248, 0.705527, 1.75053, 0.722649, 1.74897, 
33.5436, 1.51847, -0.987629, 1.51906, -0.987656, 1.55536, -0.968122, 0.685998, 1.75143, 0.707802, 1.74216, 
33.6181, 1.49913, -0.987339, 1.50146, -0.985609, 1.53152, -0.971741, 0.666674, 1.75231, 0.686142, 1.74361, 
33.668, 1.4862, -0.987145, 1.48168, -0.987329, 1.51561, -0.972098, 0.653763, 1.7529, 0.670672, 1.74469, 
33.7682, 1.4664, -0.986848, 1.4605, -0.987072, 1.48403, -0.97817, 0.633974, 1.75381, 0.643449, 1.74766, 
33.7929, 1.4664, -0.986848, 1.46568, -0.98687, 1.48548, -0.98351, 0.633974, 1.75381, 0.645412, 1.74348, 
33.8929, 1.4664, -0.986848, 1.46568, -0.98687, 1.49405, -0.980484, 0.633974, 1.75381, 0.650217, 1.73966, 
33.9181, 1.4664, -0.986848, 1.46568, -0.98687, 1.49913, -0.972521, 0.633974, 1.75381, 0.650074, 1.73807, 
34.0182, 1.4664, -0.986848, 1.46568, -0.98687, 1.49066, -0.988083, 0.633974, 1.75381, 0.648166, 1.73497, 
34.0929, 1.4664, -0.986848, 1.46568, -0.98687, 1.49066, -0.988083, 0.633974, 1.75381, 0.648166, 1.73497, 
34.1429, 1.4664, -0.986848, 1.46568, -0.98687, 1.49066, -0.988083, 0.633974, 1.75381, 0.648166, 1.73497, 
34.2183, 1.4664, -0.986848, 1.46568, -0.98687, 1.49066, -0.988083, 0.633974, 1.75381, 0.648166, 1.73497, 
34.293, 1.4664, -0.986848, 1.46568, -0.98687, 1.49066, -0.988083, 0.633974, 1.75381, 0.648166, 1.73497, 
34.3429, 1.47073, -0.978991, 1.47001, -0.979016, 1.49526, -0.97975, 0.633974, 1.75381, 0.648294, 1.73507, 
34.4179, 1.50759, -0.908545, 1.50285, -0.916613, 1.53561, -0.900369, 0.633974, 1.75381, 0.65034, 1.73923, 
34.4679, 1.53064, -0.860772, 1.52827, -0.864074, 1.5658, -0.845397, 0.633974, 1.75381, 0.654482, 1.7383, 
34.5443, 1.56356, -0.786439, 1.56235, -0.789525, 1.58732, -0.78359, 0.633974, 1.75381, 0.648032, 1.73668, 
34.6179, 1.5923, -0.714047, 1.58806, -0.720878, 1.61249, -0.706438, 0.633974, 1.75381, 0.645576, 1.74147, 
34.6682, 1.6103, -0.664121, 1.60893, -0.665639, 1.62767, -0.653866, 0.633974, 1.75381, 0.641748, 1.74123, 
34.7681, 1.64251, -0.562494, 1.64141, -0.563929, 1.65498, -0.562001, 0.633974, 1.75381, 0.642038, 1.74419, 
34.7939, 1.64994, -0.536075, 1.64831, -0.537756, 1.66768, -0.533425, 0.633974, 1.75381, 0.647515, 1.74445, 
34.893, 1.66341, -0.484293, 1.6598, -0.490339, 1.68352, -0.476857, 0.633974, 1.75381, 0.650707, 1.74714, 
34.9179, 1.66341, -0.484293, 1.66335, -0.484116, 1.68514, -0.473012, 0.633974, 1.75381, 0.651349, 1.74689, 
35.0179, 1.66341, -0.484293, 1.66335, -0.484116, 1.6818, -0.495299, 0.633974, 1.75381, 0.653079, 1.74583, 
35.0932, 1.66341, -0.484293, 1.66335, -0.484116, 1.68437, -0.491691, 0.633974, 1.75381, 0.65414, 1.74443, 
35.1434, 1.66341, -0.484293, 1.66335, -0.484116, 1.68484, -0.489591, 0.633974, 1.75381, 0.654293, 1.74478, 
35.218, 1.66341, -0.484293, 1.66335, -0.484116, 1.68507, -0.488274, 0.633974, 1.75381, 0.654376, 1.74509, 
35.2937, 1.66341, -0.484293, 1.66335, -0.484116, 1.68535, -0.487063, 0.633974, 1.75381, 0.654466, 1.74528, 
35.3443, 1.66341, -0.484293, 1.66335, -0.484116, 1.68535, -0.487063, 0.633974, 1.75381, 0.654466, 1.74528, 
35.4179, 1.66341, -0.484293, 1.66335, -0.484116, 1.68535, -0.487063, 0.633974, 1.75381, 0.654466, 1.74528, 
35.4682, 1.66164, -0.484267, 1.66159, -0.48409, 1.68376, -0.486768, 0.632295, 1.75434, 0.65289, 1.74579, 
35.5429, 1.64305, -0.483988, 1.64476, -0.483838, 1.65789, -0.48469, 0.61459, 1.76002, 0.627645, 1.75347, 
35.6182, 1.62351, -0.483695, 1.62135, -0.485054, 1.64575, -0.482509, 0.595977, 1.76599, 0.614809, 1.75598, 
35.6681, 1.61058, -0.483501, 1.61052, -0.479991, 1.63511, -0.473262, 0.583669, 1.76993, 0.603185, 1.76099, 
35.7683, 1.58464, -0.483112, 1.58429, -0.483526, 1.60811, -0.467934, 0.558961, 1.77785, 0.5781, 1.77263, 
35.7929, 1.57829, -0.483017, 1.57774, -0.483498, 1.60496, -0.465192, 0.552916, 1.77979, 0.571371, 1.76868, 
35.8929, 1.55227, -0.482626, 1.55374, -0.481884, 1.58437, -0.466696, 0.528129, 1.78774, 0.548594, 1.76908, 
35.9682, 1.53278, -0.482334, 1.53479, -0.481614, 1.56203, -0.472178, 0.50957, 1.79369, 0.530256, 1.77811, 
36.0184, 1.51985, -0.48214, 1.51996, -0.482416, 1.54735, -0.465203, 0.497252, 1.79764, 0.514734, 1.7833, 
36.0929, 1.50041, -0.481848, 1.50022, -0.478151, 1.53221, -0.458434, 0.478743, 1.80357, 0.498233, 1.7877, 
36.1431, 1.48743, -0.481653, 1.48912, -0.479924, 1.52281, -0.456409, 0.466375, 1.80753, 0.48861, 1.79042, 
36.2184, 1.46788, -0.48136, 1.46755, -0.48218, 1.4969, -0.458666, 0.447757, 1.8135, 0.46615, 1.80087, 
36.2929, 1.44855, -0.48107, 1.44599, -0.482186, 1.47609, -0.464304, 0.429349, 1.8194, 0.447855, 1.80699, 
36.3429, 1.4356, -0.480876, 1.43219, -0.482625, 1.4605, -0.461074, 0.417019, 1.82336, 0.433219, 1.8136, 
36.4181, 1.41615, -0.480584, 1.41819, -0.480021, 1.43329, -0.463108, 0.398497, 1.82929, 0.407976, 1.82195, 
36.4681, 1.40313, -0.480389, 1.40395, -0.480089, 1.41874, -0.467199, 0.386093, 1.83327, 0.395566, 1.82667, 
36.5429, 1.38378, -0.480099, 1.38113, -0.481215, 1.40421, -0.467102, 0.367668, 1.83918, 0.382631, 1.83252, 
36.618, 1.36437, -0.479807, 1.36168, -0.481292, 1.38009, -0.480889, 0.349177, 1.84511, 0.362765, 1.83773, 
36.668, 1.35138, -0.479613, 1.34781, -0.480968, 1.3656, -0.478816, 0.336813, 1.84907, 0.348353, 1.84216, 
36.7679, 1.33409, -0.479353, 1.33445, -0.477703, 1.34454, -0.488836, 0.320344, 1.85435, 0.331379, 1.84803, 
36.7933, 1.33164, -0.479316, 1.33127, -0.478102, 1.33402, -0.496901, 0.318011, 1.8551, 0.323115, 1.84959, 
36.8931, 1.30589, -0.47893, 1.30797, -0.477753, 1.31724, -0.484314, 0.293488, 1.86296, 0.306818, 1.86064, 
36.9179, 1.29946, -0.478834, 1.2974, -0.480189, 1.30981, -0.47597, 0.287363, 1.86492, 0.297472, 1.8637, 
37.0179, 1.27352, -0.478445, 1.27419, -0.478536, 1.29294, -0.464349, 0.262657, 1.87284, 0.275475, 1.86572, 
37.0931, 1.2541, -0.478153, 1.24967, -0.479801, 1.28021, -0.462379, 0.244159, 1.87877, 0.262525, 1.86934, 
37.1444, 1.24072, -0.477953, 1.23808, -0.479462, 1.26221, -0.467071, 0.231422, 1.88285, 0.247994, 1.8763, 
37.2179, 1.22167, -0.477667, 1.22087, -0.474958, 1.2446, -0.465859, 0.213276, 1.88867, 0.227603, 1.8769, 
37.2932, 1.20223, -0.477375, 1.1986, -0.478777, 1.21878, -0.477712, 0.194761, 1.89461, 0.209138, 1.88748, 
37.3432, 1.20185, -0.477369, 1.20068, -0.478436, 1.21608, -0.479041, 0.194404, 1.89472, 0.20771, 1.88925, 
37.4179, 1.20185, -0.477369, 1.19987, -0.477972, 1.21333, -0.472997, 0.194404, 1.89472, 0.201133, 1.88748, 
37.4681, 1.20185, -0.477369, 1.19987, -0.477972, 1.21742, -0.46935, 0.194404, 1.89472, 0.200783, 1.882, 
37.5429, 1.20185, -0.477369, 1.19987, -0.477972, 1.21747, -0.470332, 0.194404, 1.89472, 0.201457, 1.88239, 
37.6183, 1.20185, -0.477369, 1.19987, -0.477972, 1.21755, -0.469937, 0.194404, 1.89472, 0.201671, 1.88276, 
37.6682, 1.20185, -0.477369, 1.19987, -0.477972, 1.21761, -0.469342, 0.194404, 1.89472, 0.201581, 1.88284, 
37.7682, 1.20185, -0.477369, 1.19987, -0.477972, 1.21767, -0.468689, 0.194404, 1.89472, 0.201482, 1.88292, 
37.7929, 1.20185, -0.477369, 1.19987, -0.477972, 1.21767, -0.468689, 0.194404, 1.89472, 0.201482, 1.88292, 
37.8929, 1.20185, -0.477369, 1.19987, -0.477972, 1.21769, -0.468478, 0.194404, 1.89472, 0.201449, 1.88296, 
37.9182, 1.20185, -0.477369, 1.19987, -0.477972, 1.21778, -0.46761, 0.194404, 1.89472, 0.20132, 1.88306, 
38.0179, 1.20185, -0.477369, 1.19987, -0.477972, 1.21793, -0.465649, 0.194404, 1.89472, 0.201013, 1.88338, 
38.0934, 1.20185, -0.477369, 1.19987, -0.477972, 1.21802, -0.464321, 0.194404, 1.89472, 0.200805, 1.8836, 
38.143, 1.20185, -0.477369, 1.19987, -0.477972, 1.21802, -0.464321, 0.194404, 1.89472, 0.200805, 1.8836, 
38.2179, 1.20185, -0.477369, 1.19987, -0.477972, 1.21802, -0.464321, 0.194404, 1.89472, 0.200805, 1.8836, 
38.2678, 1.20185, -0.477369, 1.19987, -0.477972, 1.21802, -0.464321, 0.194404, 1.89472, 0.200805, 1.8836, 
38.3429, 1.20185, -0.477369, 1.19987, -0.477972, 1.21802, -0.464321, 0.194404, 1.89472, 0.200805, 1.8836, 
38.4179, 1.20185, -0.477369, 1.19987, -0.477972, 1.21802, -0.464321, 0.194404, 1.89472, 0.200805, 1.8836, 
38.4679, 1.20185, -0.477369, 1.19987, -0.477972, 1.21802, -0.464321, 0.194404, 1.89472, 0.200805, 1.8836, 
38.5429, 1.20185, -0.477369, 1.19987, -0.477972, 1.21802, -0.464321, 0.194404, 1.89472, 0.200805, 1.8836, 
38.6181, 1.20185, -0.477369, 1.19987, -0.477972, 1.21802, -0.464321, 0.194404, 1.89472, 0.200805, 1.8836, 
38.6679, 1.20185, -0.477369, 1.19987, -0.477972, 1.21802, -0.464321, 0.194404, 1.89472, 0.200805, 1.8836, 
38.7679, 1.20185, -0.477369, 1.19987, -0.477972, 1.21802, -0.464321, 0.194404, 1.89472, 0.200805, 1.8836, 
38.7931, 1.20185, -0.477369, 1.19987, -0.477972, 1.21802, -0.464321, 0.194404, 1.89472, 0.200805, 1.8836, 
38.893, 1.20185, -0.477369, 1.19987, -0.477972, 1.21802, -0.464321, 0.194404, 1.89472, 0.200805, 1.8836, 
38.9181, 1.20185, -0.477369, 1.19987, -0.477972, 1.21802, -0.464321, 0.194404, 1.89472, 0.200805, 1.8836, 
39.0179, 1.20185, -0.477369, 1.19987, -0.477972, 1.21802, -0.464321, 0.194404, 1.89472, 0.200805, 1.8836, 
39.0932, 1.20185, -0.477369, 1.19987, -0.477972, 1.21802, -0.464321, 0.194404, 1.89472, 0.200805, 1.8836, 
39.1429, 1.20185, -0.477369, 1.19987, -0.477972, 1.21802, -0.464321, 0.194404, 1.89472, 0.200805, 1.8836, 
39.218, 1.20185, -0.477369, 1.19987, -0.477972, 1.21802, -0.464321, 0.194404, 1.89472, 0.200805, 1.8836, 
39.2929, 1.20185, -0.477369, 1.19987, -0.477972, 1.21802, -0.464321, 0.194404, 1.89472, 0.200805, 1.8836, 
39.3429, 1.20185, -0.477369, 1.19987, -0.477972, 1.21802, -0.464321, 0.194404, 1.89472, 0.200805, 1.8836, 
39.4182, 1.20185, -0.477369, 1.19987, -0.477972, 1.21802, -0.464321, 0.194404, 1.89472, 0.200805, 1.8836, 
39.4679, 1.20185, -0.477369, 1.19987, -0.477972, 1.21802, -0.464321, 0.194404, 1.89472, 0.200805, 1.8836, 
39.5432, 1.20185, -0.477369, 1.19987, -0.477972, 1.21802, -0.464321, 0.194404, 1.89472, 0.200805, 1.8836, 
39.6178, 1.20185, -0.477369, 1.19987, -0.477972, 1.21802, -0.464321, 0.194404, 1.89472, 0.200805, 1.8836, 
39.668, 1.20185, -0.477369, 1.19987, -0.477972, 1.21802, -0.464321, 0.194404, 1.89472, 0.200805, 1.8836, 
39.7679, 1.20185, -0.477369, 1.19987, -0.477972, 1.21802, -0.464321, 0.194404, 1.89472, 0.200805, 1.8836, 
39.7931, 1.20185, -0.477369, 1.19987, -0.477972, 1.21802, -0.464321, 0.194404, 1.89472, 0.200805, 1.8836, 
39.8931, 1.20185, -0.477369, 1.19987, -0.477972, 1.21802, -0.464321, 0.194404, 1.89472, 0.200805, 1.8836, 
39.9179, 1.20185, -0.477369, 1.19987, -0.477972, 1.21802, -0.464321, 0.194404, 1.89472, 0.200805, 1.8836, 
40.0179, 1.20185, -0.477369, 1.19987, -0.477972, 1.21802, -0.464321, 0.194404, 1.89472, 0.200805, 1.8836, 
40.093, 1.20185, -0.477369, 1.19987, -0.477972, 1.21802, -0.464321, 0.194404, 1.89472, 0.200805, 1.8836, 
40.1432, 1.20185, -0.477369, 1.19987, -0.477972, 1.21802, -0.464321, 0.194404, 1.89472, 0.200805, 1.8836, 
40.2179, 1.20185, -0.477369, 1.19987, -0.477972, 1.21802, -0.464321, 0.194404, 1.89472, 0.200805, 1.8836, 
40.2933, 1.20185, -0.477369, 1.19987, -0.477972, 1.21802, -0.464321, 0.194404, 1.89472, 0.200805, 1.8836, 
40.3179, 1.20185, -0.477369, 1.19987, -0.477972, 1.21802, -0.464321, 0.194404, 1.89472, 0.200805, 1.8836, 
40.4182, 1.20185, -0.477369, 1.19987, -0.477972, 1.21802, -0.464321, 0.194404, 1.89472, 0.200805, 1.8836, 
40.4929, 1.20185, -0.477369, 1.19987, -0.477972, 1.21802, -0.464321, 0.194404, 1.89472, 0.200805, 1.8836, 
40.5429, 1.20185, -0.477369, 1.19987, -0.477972, 1.21802, -0.464321, 0.194404, 1.89472, 0.200805, 1.8836, 
40.6179, 1.20146, -0.477364, 1.19948, -0.477966, 1.21765, -0.464346, 0.194028, 1.89484, 0.200432, 1.88368, 
40.6683, 1.19046, -0.477199, 1.18888, -0.477807, 1.20996, -0.466943, 0.183557, 1.8982, 0.192739, 1.88416, 
40.7429, 1.17114, -0.476909, 1.16729, -0.478402, 1.19054, -0.461599, 0.165151, 1.9041, 0.173259, 1.89141, 
40.8181, 1.15165, -0.476616, 1.15055, -0.47765, 1.17686, -0.464631, 0.146596, 1.91005, 0.163443, 1.89861, 
40.8682, 1.13861, -0.476421, 1.13947, -0.476456, 1.16157, -0.470706, 0.134177, 1.91403, 0.153468, 1.90659, 
40.9681, 1.11271, -0.476032, 1.11273, -0.476348, 1.12875, -0.470162, 0.109503, 1.92194, 0.12275, 1.91748, 
40.9929, 1.1063, -0.475936, 1.10498, -0.476654, 1.12512, -0.468204, 0.1034, 1.92389, 0.118429, 1.9184, 
41.0929, 1.08038, -0.475547, 1.08187, -0.474819, 1.0989, -0.47314, 0.0787205, 1.93181, 0.0909857, 1.92016, 
41.1681, 1.06961, -0.475386, 1.07176, -0.475429, 1.08896, -0.472572, 0.0684544, 1.9351, 0.0793976, 1.92055, 
41.2181, 1.06961, -0.475386, 1.06948, -0.475423, 1.08405, -0.479196, 0.0684544, 1.9351, 0.0782073, 1.92317, 
41.2929, 1.06961, -0.475386, 1.06948, -0.475423, 1.08751, -0.475204, 0.0684544, 1.9351, 0.0791914, 1.92117, 
41.3429, 1.06961, -0.475386, 1.06948, -0.475423, 1.08297, -0.480812, 0.0684544, 1.9351, 0.0787219, 1.92473, 
41.4179, 1.06961, -0.475386, 1.06948, -0.475423, 1.08195, -0.480754, 0.0684544, 1.9351, 0.0773918, 1.92456, 
41.4932, 1.06961, -0.475386, 1.06948, -0.475423, 1.08414, -0.481075, 0.0684544, 1.9351, 0.0803118, 1.92488, 
41.5429, 1.06961, -0.475386, 1.06948, -0.475423, 1.08414, -0.481075, 0.0684544, 1.9351, 0.0803118, 1.92488, 
41.6181, 1.06961, -0.475386, 1.06948, -0.475423, 1.08414, -0.481075, 0.0684544, 1.9351, 0.0803118, 1.92488, 
41.6679, 1.06961, -0.475386, 1.06948, -0.475423, 1.08414, -0.481067, 0.0684544, 1.9351, 0.0803004, 1.92488, 
41.7429, 1.05168, -0.524537, 1.05156, -0.52457, 1.06204, -0.526654, 0.0684544, 1.9351, 0.0757094, 1.92735, 
41.8179, 1.0301, -0.577531, 1.03208, -0.571739, 1.04781, -0.571146, 0.0684544, 1.9351, 0.0795623, 1.9269, 
41.8685, 1.01426, -0.61306, 1.01431, -0.611467, 1.03746, -0.598573, 0.0684544, 1.9351, 0.0799804, 1.92516, 
41.968, 0.98057, -0.681322, 0.981887, -0.677388, 1.00504, -0.666443, 0.0684544, 1.9351, 0.0828669, 1.92954, 
41.9929, 0.971691, -0.697941, 0.97166, -0.695606, 0.990052, -0.685164, 0.0684544, 1.9351, 0.0776974, 1.9305, 
42.0929, 0.933434, -0.764292, 0.934728, -0.758982, 0.948988, -0.758144, 0.0684544, 1.9351, 0.0768293, 1.92941, 
42.1682, 0.902449, -0.812788, 0.906009, -0.80571, 0.913835, -0.816046, 0.0684544, 1.9351, 0.0770725, 1.92776, 
42.2183, 0.880846, -0.844297, 0.880352, -0.841914, 0.889971, -0.852568, 0.0684544, 1.9351, 0.0780478, 1.9275, 
42.2929, 0.847036, -0.890343, 0.847597, -0.887961, 0.863393, -0.888952, 0.0684544, 1.9351, 0.0778753, 1.92732, 
42.3431, 0.823392, -0.92045, 0.825666, -0.915247, 0.842949, -0.913368, 0.0684544, 1.9351, 0.0796392, 1.93199, 
42.418, 0.786672, -0.964214, 0.789481, -0.959104, 0.802014, -0.959248, 0.0684544, 1.9351, 0.0765402, 1.93201, 
42.4929, 0.748061, -1.00676, 0.749624, -1.00486, 0.758137, -1.00722, 0.0684544, 1.9351, 0.0792453, 1.93697, 
42.5431, 0.721361, -1.03432, 0.723415, -1.02928, 0.732264, -1.03512, 0.0684544, 1.9351, 0.079369, 1.93602, 
42.6181, 0.680178, -1.07416, 0.681574, -1.0689, 0.688578, -1.07746, 0.0684544, 1.9351, 0.0770792, 1.93313, 
42.6679, 0.652002, -1.09971, 0.649987, -1.0969, 0.657257, -1.10104, 0.0684544, 1.9351, 0.0724924, 1.93303, 
42.7429, 0.608219, -1.1369, 0.610708, -1.1336, 0.61701, -1.13427, 0.0684544, 1.9351, 0.0741187, 1.93688, 
42.8182, 0.563197, -1.17222, 0.565556, -1.16735, 0.575446, -1.1649, 0.0684544, 1.9351, 0.0744087, 1.94063, 
42.8681, 0.532195, -1.19496, 0.534992, -1.19141, 0.543042, -1.18497, 0.0684544, 1.9351, 0.0724092, 1.9436, 
42.968, 0.468897, -1.23769, 0.470191, -1.23568, 0.473841, -1.23632, 0.0684544, 1.9351, 0.0751704, 1.94183, 
42.9929, 0.45277, -1.24783, 0.454499, -1.24607, 0.457655, -1.24625, 0.0684544, 1.9351, 0.0741215, 1.94084, 
43.0929, 0.386788, -1.28641, 0.389025, -1.28158, 0.402584, -1.2795, 0.0684544, 1.9351, 0.0736631, 1.93947, 
43.1431, 0.353133, -1.30437, 0.354551, -1.29922, 0.36023, -1.30273, 0.0684544, 1.9351, 0.0723975, 1.93745, 
43.1929, 0.319119, -1.3214, 0.323157, -1.31763, 0.338402, -1.31541, 0.0684544, 1.9351, 0.0732914, 1.9364, 
43.2929, 0.24926, -1.35305, 0.255328, -1.34964, 0.258103, -1.34957, 0.0684544, 1.9351, 0.0711637, 1.93841, 
43.3679, 0.196194, -1.37425, 0.199773, -1.37025, 0.203426, -1.36949, 0.0684544, 1.9351, 0.0715182, 1.94256, 
43.4183, 0.159811, -1.38742, 0.159182, -1.38446, 0.162475, -1.38568, 0.0684544, 1.9351, 0.0696834, 1.93811, 
43.4929, 0.105609, -1.40509, 0.106513, -1.40267, 0.119317, -1.40404, 0.0684544, 1.9351, 0.0745745, 1.93836, 
43.5431, 0.068868, -1.41576, 0.0765494, -1.41224, 0.0694611, -1.41941, 0.0684544, 1.9351, 0.076338, 1.93975, 
43.6181, 0.0132857, -1.42997, 0.0215231, -1.42631, 0.0308426, -1.4343, 0.0684544, 1.9351, 0.0795192, 1.93622, 
43.6929, -0.0425741, -1.44195, -0.0402689, -1.441, -0.0240445, -1.44284, 0.0684544, 1.9351, 0.0726312, 1.93316, 
43.743, -0.0803081, -1.44878, -0.0721525, -1.44576, -0.0679459, -1.45193, 0.0684544, 1.9351, 0.0751965, 1.93556, 
43.818, -0.136947, -1.45714, -0.129101, -1.45502, -0.122504, -1.4558, 0.0684544, 1.9351, 0.0726608, 1.93996, 
43.918, -0.212978, -1.46487, -0.212619, -1.46258, -0.200771, -1.46646, 0.0684544, 1.9351, 0.0736264, 1.93789, 
44.1181, -0.365858, -1.46845, -0.361345, -1.46723, -0.358986, -1.47267, 0.0684544, 1.9351, 0.0762297, 1.93898, 
44.3182, -0.518373, -1.45615, -0.514523, -1.45589, -0.498716, -1.46349, 0.0684544, 1.9351, 0.0777547, 1.93977, 
44.5682, -0.705523, -1.41877, -0.70412, -1.41582, -0.698854, -1.42075, 0.0684544, 1.9351, 0.0730006, 1.94106, 
44.6429, -0.760358, -1.40293, -0.750493, -1.40018, -0.747556, -1.40772, 0.0684544, 1.9351, 0.0720389, 1.93861, 
44.7429, -0.832777, -1.3784, -0.818384, -1.38012, -0.813326, -1.38708, 0.0684544, 1.9351, 0.0716043, 1.93674, 
44.8681, -0.921615, -1.34239, -0.905163, -1.34655, -0.921082, -1.34219, 0.0684544, 1.9351, 0.071131, 1.93949, 
45.0429, -1.04106, -1.28278, -1.02596, -1.28598, -1.01678, -1.2897, 0.0684544, 1.9351, 0.0670209, 1.94262, 
45.2434, -1.1708, -1.20142, -1.15607, -1.20755, -1.15619, -1.20754, 0.0684544, 1.9351, 0.0682907, 1.9405, 
45.4429, -1.29084, -1.1075, -1.27451, -1.11712, -1.27859, -1.11186, 0.0684544, 1.9351, 0.0677775, 1.94219, 
45.5181, -1.33345, -1.06898, -1.31964, -1.07334, -1.31453, -1.07781, 0.0684544, 1.9351, 0.0677528, 1.94506, 
45.8682, -1.5109, -0.868837, -1.49603, -0.869607, -1.50319, -0.883275, 0.0684544, 1.9351, 0.0750173, 1.94002, 
46.2429, -1.65729, -0.623121, -1.64317, -0.62725, -1.64614, -0.641064, 0.0684544, 1.9351, 0.0684628, 1.93903, 
46.6679, -1.76228, -0.316612, -1.75252, -0.327266, -1.76051, -0.341057, 0.0684544, 1.9351, 0.0770672, 1.94056, 
47.0431, -1.7973, -0.0320942, -1.78895, -0.0391718, -1.78911, -0.0284314, 0.0684544, 1.9351, 0.0613888, 1.93945, 
47.244, -1.79316, 0.121312, -1.7854, 0.108609, -1.79392, 0.105979, 0.0684544, 1.9351, 0.0726377, 1.94154, 
47.3182, -1.78759, 0.177761, -1.78293, 0.1702, -1.78783, 0.167865, 0.0684544, 1.9351, 0.0690959, 1.9375, 
47.3686, -1.78256, 0.215999, -1.77859, 0.209358, -1.78381, 0.197299, 0.0684544, 1.9351, 0.0693266, 1.93858, 
47.4929, -1.76597, 0.309349, -1.76231, 0.310272, -1.77432, 0.284196, 0.0684544, 1.9351, 0.0760964, 1.94022, 
47.5682, -1.75292, 0.365654, -1.74761, 0.365233, -1.76378, 0.33669, 0.0684544, 1.9351, 0.0775484, 1.94131, 
47.6929, -1.7267, 0.457007, -1.71982, 0.45567, -1.73503, 0.434229, 0.0684544, 1.9351, 0.0746304, 1.94173, 
47.8182, -1.70361, 0.523207, -1.69171, 0.516434, -1.70738, 0.512457, 0.0684544, 1.9351, 0.0703448, 1.93808, 
47.9429, -1.70361, 0.523207, -1.69676, 0.526618, -1.70353, 0.499181, 0.0684544, 1.9351, 0.0700105, 1.9516, 
48.0429, -1.70361, 0.523207, -1.69676, 0.526618, -1.70837, 0.486443, 0.0684544, 1.9351, 0.072438, 1.95448, 
48.1681, -1.70361, 0.523207, -1.69676, 0.526618, -1.70813, 0.485469, 0.0684544, 1.9351, 0.0715301, 1.95413, 
48.2429, -1.70361, 0.523207, -1.69676, 0.526618, -1.7084, 0.48659, 0.0684544, 1.9351, 0.0725735, 1.95453, 
48.3684, -1.70361, 0.523207, -1.69676, 0.526618, -1.70867, 0.487714, 0.0684544, 1.9351, 0.0736178, 1.95492, 
48.4931, -1.70361, 0.523207, -1.69676, 0.526618, -1.70867, 0.487714, 0.0684544, 1.9351, 0.0736178, 1.95492, 
48.5684, -1.70361, 0.523207, -1.69676, 0.526618, -1.70867, 0.487714, 0.0684544, 1.9351, 0.0736178, 1.95492, 
48.6929, -1.70361, 0.523207, -1.69676, 0.526618, -1.70867, 0.487714, 0.0684544, 1.9351, 0.0736178, 1.95492, 
48.7929, -1.70361, 0.523207, -1.69676, 0.526618, -1.70867, 0.487714, 0.0684544, 1.9351, 0.0736178, 1.95492, 
48.9182, -1.72271, 0.523494, -1.71586, 0.526904, -1.73365, 0.489042, 0.0867983, 1.92977, 0.0983981, 1.9484, 
49.0183, -1.74869, 0.523883, -1.74719, 0.523716, -1.76259, 0.498497, 0.111747, 1.92252, 0.120827, 1.92734, 
49.1929, -1.794, 0.524563, -1.79111, 0.52204, -1.81464, 0.49206, 0.155267, 1.90988, 0.170297, 1.9157, 
49.3929, -1.84587, 0.525341, -1.84055, 0.528178, -1.85867, 0.495872, 0.205082, 1.8954, 0.214174, 1.90372, 
49.5687, -1.8914, 0.526024, -1.88393, 0.528551, -1.90619, 0.496219, 0.248806, 1.8827, 0.260158, 1.89086, 
49.7929, -1.94931, 0.526893, -1.9463, 0.530604, -1.95199, 0.518091, 0.30442, 1.86654, 0.306062, 1.86927, 
49.9929, -2.00117, 0.527671, -1.99463, 0.52715, -1.99908, 0.526233, 0.354232, 1.85207, 0.35173, 1.85266, 
50.1933, -2.05309, 0.52845, -2.05006, 0.524631, -2.05343, 0.515932, 0.404089, 1.83759, 0.402291, 1.84085, 
50.3679, -2.09842, 0.52913, -2.08909, 0.530747, -2.09987, 0.520316, 0.447627, 1.82494, 0.44537, 1.82335, 
50.5682, -2.15033, 0.529908, -2.14986, 0.531237, -2.14953, 0.528722, 0.497483, 1.81045, 0.496071, 1.81024, 
50.743, -2.19561, 0.530588, -2.19384, 0.532236, -2.19311, 0.518375, 0.54097, 1.79782, 0.537181, 1.80254, 
50.8179, -2.21499, 0.530878, -2.20538, 0.532236, -2.21096, 0.524261, 0.559585, 1.79241, 0.553563, 1.79336, 
50.9429, -2.24747, 0.531366, -2.24304, 0.524866, -2.23719, 0.540262, 0.590779, 1.78335, 0.580589, 1.78096, 
51.0429, -2.27338, 0.531754, -2.26846, 0.530198, -2.26825, 0.532148, 0.615664, 1.77612, 0.609546, 1.77529, 
51.1929, -2.31236, 0.532339, -2.30768, 0.527991, -2.30726, 0.526247, 0.653098, 1.76524, 0.648358, 1.77, 
51.5429, -2.40307, 0.5337, -2.39836, 0.533209, -2.39557, 0.530293, 0.740212, 1.73993, 0.733988, 1.74539, 
51.7429, -2.45491, 0.534477, -2.44746, 0.536169, -2.45411, 0.531903, 0.790001, 1.72547, 0.78639, 1.7219, 
51.9179, -2.50034, 0.535159, -2.47726, 0.534035, -2.48994, 0.540769, 0.833636, 1.71279, 0.824859, 1.71503, 
52.043, -2.53269, 0.535644, -2.51633, 0.535302, -2.52883, 0.532765, 0.864704, 1.70376, 0.861547, 1.70721, 
52.0682, -2.53928, 0.535743, -2.52649, 0.534553, -2.53333, 0.534836, 0.871036, 1.70192, 0.866308, 1.70577, 
52.1429, -2.55858, 0.536033, -2.53824, 0.538271, -2.55122, 0.544468, 0.889569, 1.69654, 0.884577, 1.69824, 
52.243, -2.58462, 0.536423, -2.56131, 0.535622, -2.58698, 0.532429, 0.914578, 1.68927, 0.915787, 1.6886, 
52.3933, -2.62356, 0.537007, -2.61551, 0.533801, -2.60937, 0.551116, 0.951974, 1.67841, 0.939219, 1.67709, 
52.5181, -2.65589, 0.537492, -2.64823, 0.535134, -2.64678, 0.531638, 0.983022, 1.66939, 0.975553, 1.677, 
52.6183, -2.68192, 0.537883, -2.65934, 0.545123, -2.67667, 0.543862, 1.00803, 1.66213, 1.0028, 1.66041, 
52.7432, -2.71437, 0.53837, -2.69877, 0.544786, -2.71173, 0.548573, 1.03919, 1.65307, 1.03666, 1.64901, 
52.8178, -2.7337, 0.53866, -2.71529, 0.542683, -2.7283, 0.540789, 1.05776, 1.64768, 1.05247, 1.64796, 
52.9437, -2.76635, 0.539149, -2.74827, 0.545434, -2.75227, 0.561399, 1.08911, 1.63857, 1.07634, 1.63339, 
53.0178, -2.78557, 0.539438, -2.77221, 0.539465, -2.77666, 0.54972, 1.10757, 1.63321, 1.09702, 1.62709, 
53.2679, -2.85032, 0.540409, -2.84735, 0.531079, -2.8474, 0.552629, 1.16976, 1.61514, 1.16783, 1.61205, 
53.6179, -2.94117, 0.541772, -2.9352, 0.53975, -2.93199, 0.554175, 1.257, 1.58979, 1.25027, 1.59082, 
53.9929, -3.03491, 0.36316, -3.03016, 0.355378, -3.0256, 0.383669, 1.31837, 1.57196, 1.31019, 1.57006, 
54.1931, -3.05744, 0.0802251, -3.04875, 0.0911748, -3.05522, 0.0844069, 1.31837, 1.57196, 1.31575, 1.57143, 
54.3931, -3.05054, -0.203389, -3.0387, -0.18642, -3.04694, -0.200626, 1.31837, 1.57196, 1.3161, 1.57592, 
54.7429, -2.9683, -0.691607, -2.96624, -0.683896, -2.95659, -0.70232, 1.31837, 1.57196, 1.31281, 1.57998, 
55.4929, -2.78358, -1.3229, -2.78285, -1.30734, -2.77816, -1.31065, 1.3567, 1.5138, 1.34703, 1.51812, 
56.1433, -2.95224, -1.32037, -2.9503, -1.31346, -2.94347, -1.31365, 1.44951, 1.37295, 1.441, 1.38, 
56.668, -3.0883, -1.31833, -3.08847, -1.31488, -3.09169, -1.30401, 1.52439, 1.25933, 1.52097, 1.25958, 
56.8931, -2.97673, -1.55577, -2.9772, -1.55133, -2.98229, -1.53253, 1.53242, 1.24714, 1.5264, 1.25053, 
56.9682, -2.91386, -1.65802, -2.91717, -1.63733, -2.92581, -1.62574, 1.53242, 1.24714, 1.52479, 1.24836, 
57.1429, -2.75285, -1.88546, -2.75153, -1.87567, -2.74902, -1.87668, 1.53242, 1.24714, 1.52495, 1.25102, 
57.3429, -2.54403, -2.12684, -2.5552, -2.1109, -2.55157, -2.114, 1.53242, 1.24714, 1.52979, 1.24941, 
57.6681, -2.51513, -2.21787, -2.52621, -2.20667, -2.51469, -2.21658, 1.5462, 1.18541, 1.54432, 1.1847, 
57.8679, -2.56686, -2.21709, -2.56325, -2.21974, -2.57196, -2.19852, 1.55747, 1.13492, 1.54747, 1.13665, 
57.9182, -2.57999, -2.2169, -2.57026, -2.21021, -2.57765, -2.20847, 1.56033, 1.1221, 1.55655, 1.13037, 
58.0179, -2.60327, -2.21867, -2.59245, -2.20671, -2.60566, -2.21593, 1.56585, 1.09734, 1.56652, 1.09876, 
58.0931, -2.52685, -2.29648, -2.51589, -2.28148, -2.52682, -2.30277, 1.56632, 1.09526, 1.57241, 1.09643, 
58.2179, -2.37329, -2.43424, -2.37042, -2.4132, -2.35592, -2.45272, 1.56632, 1.09526, 1.56892, 1.09361, 
58.293, -2.27682, -2.51214, -2.27232, -2.49226, -2.27066, -2.51935, 1.56632, 1.09526, 1.56947, 1.09662, 
58.5179, -1.97058, -2.72235, -1.97331, -2.69859, -1.97203, -2.71985, 1.56632, 1.09526, 1.56679, 1.0986, 
58.7181, -1.83777, -2.81042, -1.8369, -2.78906, -1.82903, -2.81191, 1.56415, 1.07193, 1.56088, 1.07206, 
58.8932, -1.88345, -2.80974, -1.87688, -2.79109, -1.87286, -2.80107, 1.55991, 1.02644, 1.54625, 1.02882, 
59.2183, -1.9677, -2.80848, -1.95996, -2.78946, -1.95225, -2.82272, 1.55211, 0.942541, 1.55803, 0.94308, 
59.5929, -2.06491, -2.80702, -2.05229, -2.79347, -2.06602, -2.80036, 1.5431, 0.845738, 1.54209, 0.852948, 
59.6679, -2.08422, -2.80673, -2.07059, -2.79094, -2.08525, -2.79114, 1.54131, 0.826513, 1.53111, 0.834001, 
59.7679, -2.11025, -2.80634, -2.09492, -2.79205, -2.12118, -2.78714, 1.5389, 0.800587, 1.52943, 0.805101, 
59.7931, -2.11678, -2.80624, -2.09943, -2.79735, -2.13029, -2.78327, 1.53829, 0.794086, 1.52692, 0.79895, 
59.8931, -2.1427, -2.80585, -2.12763, -2.79068, -2.13347, -2.80007, 1.53589, 0.768273, 1.53008, 0.776913, 
59.9179, -2.14912, -2.80575, -2.13917, -2.80425, -2.1387, -2.80239, 1.5353, 0.76188, 1.52984, 0.768714, 
60.0179, -2.17503, -2.80537, -2.16286, -2.80433, -2.17328, -2.80414, 1.5329, 0.736078, 1.53516, 0.742246, 
60.0466, -2.18253, -2.80525, -2.17132, -2.79963, -2.17635, -2.80951, 1.5322, 0.72861, 1.53683, 0.734328, 
60.1432, -2.20761, -2.80488, -2.19453, -2.79845, -2.20312, -2.79769, 1.52988, 0.703635, 1.52367, 0.709454, 
60.2179, -2.22695, -2.80459, -2.21143, -2.80992, -2.22159, -2.79719, 1.52809, 0.684377, 1.52069, 0.689737, 
60.268, -2.23998, -2.80439, -2.24017, -2.7943, -2.23555, -2.80514, 1.52688, 0.671406, 1.52646, 0.67388, 
60.3432, -2.25948, -2.8041, -2.25573, -2.79167, -2.26047, -2.79724, 1.52507, 0.651988, 1.52388, 0.658593, 
60.393, -2.27235, -2.80391, -2.26875, -2.79474, -2.27912, -2.79059, 1.52388, 0.639167, 1.52066, 0.646391, 
60.4683, -2.29192, -2.80361, -2.28229, -2.79057, -2.2907, -2.79485, 1.52207, 0.619684, 1.51935, 0.628769, 
60.5429, -2.3112, -2.80332, -2.30969, -2.78649, -2.32291, -2.77446, 1.52028, 0.600478, 1.5081, 0.611946, 
60.593, -2.32421, -2.80313, -2.31608, -2.79428, -2.33357, -2.77525, 1.51908, 0.587526, 1.50449, 0.596881, 
60.6682, -2.34375, -2.80283, -2.33854, -2.79381, -2.35835, -2.76964, 1.51726, 0.568067, 1.50367, 0.58029, 
60.7181, -2.3566, -2.80264, -2.35116, -2.79373, -2.36847, -2.77373, 1.51607, 0.555268, 1.50446, 0.566853, 
60.7929, -2.37607, -2.80235, -2.37389, -2.79105, -2.39402, -2.77616, 1.51427, 0.53588, 1.50547, 0.541619, 
60.8929, -2.40197, -2.80196, -2.39349, -2.78873, -2.41156, -2.77393, 1.51187, 0.510088, 1.49899, 0.520776, 
60.9182, -2.40847, -2.80186, -2.39892, -2.78844, -2.41449, -2.78329, 1.51127, 0.503616, 1.50323, 0.511576, 
61.0184, -2.43449, -2.80147, -2.43157, -2.79226, -2.44365, -2.78761, 1.50886, 0.477707, 1.50733, 0.484348, 
61.0429, -2.44083, -2.80138, -2.43951, -2.79173, -2.44475, -2.79278, 1.50827, 0.471396, 1.50939, 0.479448, 
61.1429, -2.46681, -2.80099, -2.46323, -2.79163, -2.47714, -2.78191, 1.50586, 0.445525, 1.50356, 0.456213, 
61.2184, -2.48633, -2.8007, -2.48473, -2.78984, -2.48441, -2.78949, 1.50405, 0.426082, 1.50017, 0.436778, 
61.2681, -2.49931, -2.8005, -2.49728, -2.78864, -2.49676, -2.78448, 1.50285, 0.413164, 1.4931, 0.42357, 
61.3429, -2.51864, -2.80021, -2.51487, -2.79053, -2.52211, -2.78629, 1.50106, 0.393911, 1.4971, 0.402633, 
61.3933, -2.53175, -2.80001, -2.52207, -2.78895, -2.52953, -2.7922, 1.49985, 0.380851, 1.49877, 0.390782, 
61.4682, -2.55116, -2.79972, -2.5431, -2.80224, -2.55313, -2.78639, 1.49805, 0.361523, 1.4965, 0.373386, 
61.5429, -2.57049, -2.79943, -2.56235, -2.79009, -2.56307, -2.80488, 1.49626, 0.34228, 1.50467, 0.351842, 
61.5932, -2.58359, -2.79924, -2.57859, -2.79737, -2.57816, -2.79934, 1.49504, 0.329229, 1.50223, 0.34174, 
61.6679, -2.60287, -2.79895, -2.59649, -2.79864, -2.61988, -2.78111, 1.49326, 0.31003, 1.49731, 0.318714, 
61.7429, -2.50365, -2.87813, -2.49857, -2.86262, -2.51216, -2.86033, 1.49309, 0.308278, 1.4901, 0.318237, 
61.7931, -2.42794, -2.93384, -2.43893, -2.91143, -2.43568, -2.91997, 1.49309, 0.308278, 1.49054, 0.31538, 
61.8932, -2.27282, -3.03893, -2.28445, -3.02484, -2.28914, -3.0214, 1.49309, 0.308278, 1.4918, 0.315469, 
61.9179, -2.23338, -3.06382, -2.24832, -3.03811, -2.2489, -3.05017, 1.49309, 0.308278, 1.496, 0.316191, 
62.0179, -2.07146, -3.15884, -2.07954, -3.1333, -2.09512, -3.14094, 1.49309, 0.308278, 1.49425, 0.315473, 
62.0429, -2.03045, -3.18115, -2.03776, -3.16296, -2.04381, -3.16975, 1.49309, 0.308278, 1.49282, 0.313366, 
62.1429, -1.86308, -3.26529, -1.88166, -3.23604, -1.87008, -3.25749, 1.49309, 0.308278, 1.4946, 0.31578, 
62.2179, -1.73515, -3.32251, -1.74763, -3.30327, -1.74862, -3.30992, 1.49309, 0.308278, 1.4942, 0.318572, 
62.2681, -1.64777, -3.35823, -1.65912, -3.33175, -1.64542, -3.35245, 1.49309, 0.308278, 1.49223, 0.316429, 
62.3436, -1.51487, -3.40756, -1.5249, -3.39313, -1.53534, -3.4002, 1.49309, 0.308278, 1.49519, 0.310686, 
62.393, -1.42753, -3.4368, -1.44612, -3.41963, -1.45042, -3.42817, 1.49309, 0.308278, 1.49883, 0.315985, 
62.4678, -1.29322, -3.47702, -1.31029, -3.46358, -1.29727, -3.47252, 1.49309, 0.308278, 1.49812, 0.318285, 
62.5433, -1.1557, -3.5124, -1.16482, -3.49862, -1.17264, -3.50514, 1.49309, 0.308278, 1.49364, 0.313394, 
62.5936, -1.06407, -3.53282, -1.08856, -3.51284, -1.08182, -3.52403, 1.49309, 0.308278, 1.49337, 0.315715, 
62.6679, -0.926839, -3.55878, -0.951618, -3.54033, -0.915113, -3.55844, 1.49309, 0.308278, 1.49531, 0.31391, 
62.7443, -0.78487, -3.57991, -0.793905, -3.5701, -0.783439, -3.57745, 1.49309, 0.308278, 1.49223, 0.311181, 
62.7931, -0.694458, -3.59038, -0.697341, -3.58087, -0.717174, -3.58414, 1.49309, 0.308278, 1.48998, 0.310523, 
62.8931, -0.507755, -3.60475, -0.523801, -3.59325, -0.520493, -3.59893, 1.49309, 0.308278, 1.48956, 0.312022, 
62.9179, -0.460815, -3.60684, -0.484076, -3.59595, -0.49205, -3.60069, 1.49309, 0.308278, 1.49189, 0.314, 
63.018, -0.274037, -3.60909, -0.283063, -3.59963, -0.288733, -3.60344, 1.49309, 0.308278, 1.49325, 0.316887, 
63.0431, -0.226759, -3.60813, -0.234767, -3.59708, -0.235604, -3.61015, 1.49309, 0.308278, 1.49902, 0.311912, 
63.1451, -0.0352402, -3.59789, -0.0600034, -3.58938, -0.0353627, -3.60442, 1.49309, 0.308278, 1.50471, 0.311078, 
63.2179, 0.100426, -3.58444, 0.0910413, -3.57292, 0.100379, -3.5917, 1.49309, 0.308278, 1.50435, 0.309679, 
63.2681, 0.193275, -3.57224, 0.188384, -3.56093, 0.188701, -3.57954, 1.49309, 0.308278, 1.502, 0.308102, 
63.344, 0.334197, -3.54902, 0.330416, -3.53946, 0.348001, -3.55165, 1.49309, 0.308278, 1.49749, 0.30547, 
63.3934, 0.424836, -3.53103, 0.429112, -3.52898, 0.424616, -3.53653, 1.49309, 0.308278, 1.49786, 0.305564, 
63.4679, 0.560576, -3.49955, 0.572774, -3.49698, 0.566303, -3.50105, 1.49309, 0.308278, 1.49528, 0.306418, 
63.5459, 0.701537, -3.46092, 0.665538, -3.38736, 0.69886, -3.46875, 1.49309, 0.308278, 1.50078, 0.306566, 
63.5934, 0.786082, -3.43478, 0.738107, -3.3767, 0.787527, -3.43887, 1.49309, 0.308278, 1.49767, 0.306806, 
63.668, 0.919457, -3.38885, 0.889422, -3.35898, 0.926313, -3.38841, 1.49309, 0.308278, 1.49895, 0.311606, 
63.7444, 0.912315, -3.38453, 0.885235, -3.38617, 0.912379, -3.38363, 1.4767, 0.300545, 1.48053, 0.305739, 
63.7931, 0.899697, -3.38434, 0.881901, -3.30096, 0.901994, -3.38211, 1.46528, 0.295162, 1.47076, 0.302741, 
63.893, 0.873767, -3.38395, 0.806892, -3.19067, 0.874821, -3.37918, 1.44183, 0.284099, 1.442, 0.290198, 
63.9179, 0.867276, -3.38386, 0.822749, -3.22232, 0.869453, -3.37979, 1.43596, 0.28133, 1.43814, 0.288003, 
64.0179, 0.841349, -3.38347, 0.827805, -3.38337, 0.851949, -3.38326, 1.41251, 0.270269, 1.42031, 0.273486, 
64.0433, 0.834782, -3.38337, 0.827146, -3.36835, 0.839055, -3.38546, 1.40657, 0.267468, 1.41441, 0.270567, 
64.1437, 0.808741, -3.38298, 0.795609, -3.37551, 0.806429, -3.38241, 1.38301, 0.256358, 1.38632, 0.261423, 
64.218, 0.789526, -3.38269, 0.784737, -3.37575, 0.779587, -3.38385, 1.36563, 0.24816, 1.36947, 0.254697, 
64.2679, 0.776619, -3.3825, 0.768751, -3.37676, 0.767778, -3.38275, 1.35395, 0.242653, 1.35593, 0.248032, 
64.344, 0.756772, -3.3822, 0.75322, -3.3735, 0.752546, -3.38206, 1.336, 0.234186, 1.34078, 0.240742, 
64.3929, 0.744152, -3.38201, 0.736773, -3.37589, 0.753344, -3.38016, 1.32459, 0.228802, 1.32945, 0.232038, 
64.4679, 0.724697, -3.38172, 0.721835, -3.37285, 0.724223, -3.38534, 1.30699, 0.220502, 1.31281, 0.221439, 
64.5432, 0.705135, -3.38142, 0.695516, -3.37499, 0.692081, -3.37797, 1.28929, 0.212156, 1.2863, 0.219044, 
64.5936, 0.692162, -3.38123, 0.68178, -3.37383, 0.663114, -3.38008, 1.27756, 0.206621, 1.27294, 0.215078, 
64.6681, 0.672856, -3.38094, 0.668394, -3.37139, 0.641401, -3.3824, 1.26009, 0.198385, 1.25932, 0.207652, 
64.7433, 0.653331, -3.38065, 0.646987, -3.37337, 0.641719, -3.37971, 1.24243, 0.190055, 1.24533, 0.198235, 
64.7933, 0.640441, -3.38045, 0.638147, -3.37253, 0.632354, -3.38229, 1.23077, 0.184556, 1.2352, 0.18915, 
64.8679, 0.620978, -3.38016, 0.61556, -3.37509, 0.619841, -3.38277, 1.21317, 0.176252, 1.21699, 0.176701, 
64.918, 0.607926, -3.37997, 0.6011, -3.3742, 0.619786, -3.38263, 1.20136, 0.170684, 1.21057, 0.171186, 
65.0179, 0.582034, -3.37958, 0.571654, -3.37278, 0.571793, -3.38632, 1.17794, 0.159638, 1.18408, 0.15984, 
65.0431, 0.575487, -3.37948, 0.562949, -3.3717, 0.573092, -3.38691, 1.17202, 0.156844, 1.18453, 0.159038, 
65.1446, 0.549191, -3.37908, 0.528095, -3.36752, 0.554333, -3.37977, 1.14823, 0.145626, 1.15528, 0.149093, 
65.2179, 0.530218, -3.3788, 0.512319, -3.35642, 0.539006, -3.37287, 1.13107, 0.137531, 1.13139, 0.142507, 
65.2679, 0.517284, -3.37861, 0.50211, -3.35239, 0.516799, -3.37036, 1.11937, 0.132013, 1.11611, 0.139884, 
65.3448, 0.497283, -3.37831, 0.480151, -3.3558, 0.509253, -3.37687, 1.10128, 0.12348, 1.10686, 0.126249, 
65.3931, 0.484813, -3.37812, 0.466178, -3.37174, 0.499068, -3.37769, 1.09, 0.11816, 1.09536, 0.118796, 
65.4679, 0.465422, -3.37783, 0.446056, -3.36272, 0.453213, -3.37674, 1.07246, 0.109887, 1.07249, 0.114841, 
65.5463, 0.445099, -3.37752, 0.428937, -3.35321, 0.441811, -3.3771, 1.05408, 0.101217, 1.05491, 0.103358, 
65.5936, 0.432814, -3.37734, 0.409325, -3.36619, 0.436011, -3.37534, 1.04296, 0.0959756, 1.04275, 0.0973994, 
65.6679, 0.413564, -3.37705, 0.396102, -3.35815, 0.398572, -3.38252, 1.02555, 0.0877629, 1.02683, 0.085989, 
65.7429, 0.394102, -3.37676, 0.358621, -3.36035, 0.385985, -3.37799, 1.00795, 0.0794601, 1.01169, 0.0830026, 
65.7928, 0.381164, -3.37656, 0.360375, -3.36412, 0.382195, -3.37398, 0.996244, 0.07394, 1.00196, 0.081337, 
65.8936, 0.355005, -3.37617, 0.340239, -3.36662, 0.343541, -3.37973, 0.972582, 0.0627799, 0.978357, 0.0656349, 
65.9179, 0.348734, -3.37608, 0.333059, -3.35384, 0.339818, -3.37876, 0.96691, 0.0601048, 0.974758, 0.0649763, 
66.0182, 0.322736, -3.37569, 0.300641, -3.3629, 0.311361, -3.37344, 0.943393, 0.0490129, 0.946796, 0.0570017, 
66.0431, 0.316223, -3.37559, 0.300314, -3.35055, 0.307363, -3.37495, 0.937502, 0.0462343, 0.940616, 0.0514041, 
66.1429, 0.290324, -3.3752, 0.265709, -3.36083, 0.282259, -3.37297, 0.914075, 0.035185, 0.918528, 0.0429871, 
66.2181, 0.270922, -3.37491, 0.249103, -3.36464, 0.25797, -3.3725, 0.896525, 0.0269078, 0.896077, 0.0322759, 
66.2685, 0.257852, -3.37471, 0.237018, -3.35983, 0.249696, -3.37317, 0.884703, 0.0213317, 0.8841, 0.0244749, 
66.3432, 0.238408, -3.37442, 0.217751, -3.35821, 0.21947, -3.37092, 0.867114, 0.013036, 0.866465, 0.0205867, 
66.4179, 0.219102, -3.37413, 0.191311, -3.36882, 0.205344, -3.37254, 0.849651, 0.00479947, 0.853593, 0.0121662, 
66.4682, 0.20605, -3.37394, 0.17726, -3.35999, 0.192442, -3.37155, 0.837845, -0.000768877, 0.839482, 0.00580382, 
66.5435, 0.224665, -3.36848, 0.201107, -3.35913, 0.196467, -3.36389, 0.824614, -0.00700925, 0.82089, 0.00130204, 
66.5928, 0.311234, -3.35326, 0.272868, -3.34316, 0.269365, -3.34746, 0.824614, -0.00700925, 0.820228, 0.00606831, 
66.6682, 0.441564, -3.32597, 0.381366, -3.31409, 0.416515, -3.32463, 0.824614, -0.00700925, 0.828001, 0.0036699, 
66.7433, 0.570996, -3.29355, 0.535227, -3.28324, 0.536549, -3.30058, 0.824614, -0.00700925, 0.831307, 0.000166651, 
66.7929, 0.655301, -3.26952, 0.618996, -3.25495, 0.628712, -3.27293, 0.824614, -0.00700925, 0.827653, 0.000283803, 
66.8929, 0.823881, -3.2143, 0.769707, -3.20692, 0.807714, -3.21783, 0.824614, -0.00700925, 0.826809, -0.0029655, 
66.9181, 0.865442, -3.19918, 0.827749, -3.19154, 0.851672, -3.1997, 0.824614, -0.00700925, 0.82352, -0.00255989, 
67.0182, 1.03043, -3.13301, 0.994769, -3.13695, 1.04082, -3.13029, 0.824614, -0.00700925, 0.827847, -0.00675978, 
67.0429, 1.05686, -3.12146, 1.02566, -3.11667, 1.06561, -3.12042, 0.824614, -0.00700925, 0.829385, -0.00684727, 
67.1429, 1.05686, -3.12146, 1.0308, -3.11096, 1.06614, -3.11866, 0.824614, -0.00700925, 0.824867, -0.00828748, 
67.2183, 1.05686, -3.12146, 1.0308, -3.11096, 1.06947, -3.12302, 0.824614, -0.00700925, 0.824322, -0.0151635, 
67.2682, 1.05686, -3.12146, 1.0308, -3.11096, 1.06945, -3.12323, 0.824614, -0.00700925, 0.82454, -0.0152403, 
67.3429, 1.05686, -3.12146, 1.0308, -3.11096, 1.06663, -3.12422, 0.824614, -0.00700925, 0.823782, -0.0154653, 
67.3931, 1.05686, -3.12146, 1.0308, -3.11096, 1.06746, -3.12393, 0.824614, -0.00700925, 0.824005, -0.0153989, 
67.4682, 1.05686, -3.12146, 1.0308, -3.11096, 1.06621, -3.12437, 0.824614, -0.00700925, 0.82367, -0.0154985, 
67.5429, 1.05686, -3.12146, 1.0308, -3.11096, 1.06612, -3.1244, 0.824614, -0.00700925, 0.823645, -0.0155059, 
67.5929, 1.05686, -3.12146, 1.0308, -3.11096, 1.06584, -3.12449, 0.824614, -0.00700925, 0.823571, -0.015528, 
67.6683, 1.05686, -3.12146, 1.0308, -3.11096, 1.06547, -3.12462, 0.824614, -0.00700925, 0.823471, -0.0155575, 
67.7433, 1.05686, -3.12146, 1.0308, -3.11096, 1.06547, -3.12462, 0.824614, -0.00700925, 0.823471, -0.0155575, 
67.7929, 1.05686, -3.12146, 1.0308, -3.11096, 1.06477, -3.12487, 0.824614, -0.00700925, 0.823285, -0.0156128, 
67.8931, 1.15033, -3.07849, 1.12397, -3.06877, 1.14004, -3.09126, 0.824614, -0.00700925, 0.824272, -0.0159034, 
67.9179, 1.19112, -3.05865, 1.13443, -3.06537, 1.19093, -3.06401, 0.824614, -0.00700925, 0.822755, -0.0140415, 
68.0179, 1.34793, -2.97598, 1.3173, -2.96728, 1.34979, -2.97695, 0.824614, -0.00700925, 0.824777, -0.00903001, 
68.0429, 1.38632, -2.95412, 1.33743, -2.95606, 1.39273, -2.95645, 0.824614, -0.00700925, 0.830129, -0.00954288, 
68.1429, 1.5372, -2.86162, 1.49405, -2.87397, 1.51743, -2.87924, 0.824614, -0.00700925, 0.827259, -0.0101762, 
68.2179, 1.6475, -2.78692, 1.60907, -2.80016, 1.6497, -2.79184, 0.824614, -0.00700925, 0.827423, -0.0115042, 
68.2679, 1.71889, -2.73512, 1.67609, -2.74166, 1.72516, -2.73713, 0.824614, -0.00700925, 0.827711, -0.0113943, 
68.3429, 1.76063, -2.69562, 1.71764, -2.70304, 1.76752, -2.69617, 0.814633, -0.00633354, 0.816332, -0.0108134, 
68.3933, 1.74762, -2.69542, 1.72339, -2.6881, 1.76815, -2.69303, 0.801652, -0.00545469, 0.806313, -0.0151628, 
68.4679, 1.72824, -2.69513, 1.70151, -2.70269, 1.74347, -2.69392, 0.782312, -0.00414535, 0.789561, -0.00921935, 
68.5431, 1.70876, -2.69484, 1.66749, -2.70039, 1.70708, -2.70142, 0.762872, -0.00282917, 0.769954, -0.00318093, 
68.5929, 1.69581, -2.69465, 1.67168, -2.6893, 1.70015, -2.69842, 0.749956, -0.00195477, 0.758227, -0.00317364, 
68.6682, 1.67628, -2.69435, 1.64912, -2.70209, 1.68604, -2.69559, 0.730468, -0.000635382, 0.73691, -0.00453865, 
68.7429, 1.65694, -2.69406, 1.61878, -2.69874, 1.65489, -2.70157, 0.711169, 0.000671185, 0.719151, 0.000116137, 
68.7929, 1.64394, -2.69387, 1.61963, -2.68544, 1.63884, -2.70225, 0.698194, 0.00154964, 0.704623, 0.00122475, 
68.8929, 1.61799, -2.69348, 1.59427, -2.69766, 1.6119, -2.69908, 0.672303, 0.00330256, 0.677719, 0.00559505, 
68.9185, 1.61145, -2.69338, 1.58849, -2.69996, 1.60826, -2.69463, 0.665776, 0.00374443, 0.669271, 0.00698197, 
69.018, 1.58558, -2.69299, 1.56005, -2.68562, 1.59076, -2.68923, 0.639968, 0.00549171, 0.639669, 0.00539287, 
69.043, 1.57911, -2.6929, 1.5361, -2.70091, 1.57514, -2.69373, 0.633508, 0.00592905, 0.637689, 0.0104578, 
69.1431, 1.55316, -2.69251, 1.52342, -2.69523, 1.5683, -2.69238, 0.607613, 0.00768222, 0.609084, -0.00148447, 
69.2179, 1.5338, -2.69222, 1.51429, -2.6976, 1.53443, -2.69582, 0.5883, 0.00898971, 0.584417, 0.00271767, 
69.2679, 1.5209, -2.69202, 1.49557, -2.69008, 1.52165, -2.69364, 0.575426, 0.00986133, 0.578217, 0.00950468, 
69.3433, 1.5012, -2.69173, 1.46133, -2.69281, 1.50567, -2.69333, 0.555769, 0.0111921, 0.563931, 0.0116453, 
69.3932, 1.48838, -2.69153, 1.44494, -2.70239, 1.49088, -2.69412, 0.542972, 0.0120585, 0.549128, 0.0116133, 
69.4679, 1.46891, -2.69124, 1.44455, -2.69609, 1.46817, -2.69063, 0.523546, 0.0133737, 0.524886, 0.0152305, 
69.5433, 1.44937, -2.69095, 1.42401, -2.68714, 1.44564, -2.69532, 0.504049, 0.0146937, 0.508376, 0.0153673, 
69.5936, 1.43636, -2.69075, 1.41315, -2.69523, 1.42704, -2.6997, 0.491065, 0.0155728, 0.495446, 0.015318, 
69.6679, 1.41705, -2.69046, 1.39287, -2.70045, 1.41298, -2.70156, 0.4718, 0.016877, 0.481036, 0.0139634, 
69.7179, 1.40416, -2.69027, 1.37892, -2.689, 1.39996, -2.69776, 0.458941, 0.0177476, 0.467913, 0.0182116, 
69.7932, 1.38463, -2.68998, 1.35377, -2.69066, 1.38602, -2.69492, 0.439446, 0.0190675, 0.44673, 0.0175238, 
69.8933, 1.35871, -2.68959, 1.33164, -2.69627, 1.35275, -2.69503, 0.41359, 0.020818, 0.417286, 0.0211946, 
69.9179, 1.35228, -2.68949, 1.3278, -2.68403, 1.3437, -2.69752, 0.407172, 0.0212525, 0.409819, 0.0200769, 
70.0179, 1.32636, -2.6891, 1.29886, -2.69676, 1.31279, -2.69844, 0.381307, 0.0230036, 0.386322, 0.0246826, 
70.0435, 1.31968, -2.689, 1.29413, -2.68262, 1.31029, -2.69689, 0.374639, 0.0234551, 0.381579, 0.025088, 
70.1429, 1.29386, -2.68862, 1.2662, -2.69876, 1.26697, -2.70124, 0.348878, 0.0251991, 0.357914, 0.033285, 
70.2181, 1.27445, -2.68832, 1.26974, -2.68334, 1.26312, -2.696, 0.329513, 0.0265102, 0.336753, 0.0293648, 
70.2681, 1.26142, -2.68813, 1.26974, -2.68334, 1.26093, -2.69312, 0.316507, 0.0273907, 0.321792, 0.0255736, 
70.3432, 1.24198, -2.68784, 1.21786, -2.68256, 1.25087, -2.68734, 0.297106, 0.0287042, 0.305622, 0.0285383, 
70.3931, 1.22898, -2.68764, 1.20516, -2.6887, 1.24194, -2.68384, 0.284137, 0.0295822, 0.290245, 0.0290921, 
70.4681, 1.20955, -2.68735, 1.18919, -2.69542, 1.22291, -2.68359, 0.264753, 0.0308946, 0.27071, 0.0301121, 
70.5433, 1.19006, -2.68706, 1.15368, -2.69751, 1.20514, -2.68451, 0.245303, 0.0322114, 0.251191, 0.0293161, 
70.5929, 1.17721, -2.68687, 1.15581, -2.69673, 1.18841, -2.6826, 0.232485, 0.0330792, 0.24014, 0.0348965, 
70.6681, 1.15768, -2.68657, 1.13397, -2.69123, 1.15476, -2.69729, 0.212998, 0.0343986, 0.219716, 0.0287807, 
70.7432, 1.13825, -2.68628, 1.10501, -2.68852, 1.13757, -2.69176, 0.193604, 0.0357115, 0.202864, 0.0351617, 
70.7929, 1.12538, -2.68609, 1.10548, -2.6921, 1.13294, -2.68731, 0.180761, 0.036581, 0.190584, 0.0360762, 
70.8929, 1.09944, -2.6857, 1.07554, -2.68674, 1.08547, -2.69374, 0.154883, 0.0383331, 0.162072, 0.0409948, 
70.9181, 1.09285, -2.6856, 1.0587, -2.69116, 1.09246, -2.68707, 0.148303, 0.0387785, 0.157132, 0.0416326, 
71.0181, 1.06693, -2.68521, 1.04183, -2.68573, 1.07869, -2.68748, 0.122445, 0.0405292, 0.130425, 0.0359921, 
71.0431, 1.06044, -2.68511, 1.02848, -2.68804, 1.0779, -2.68178, 0.115965, 0.0409679, 0.124892, 0.0394296, 
71.1429, 1.03459, -2.68473, 1.03672, -2.68795, 1.03839, -2.68172, 0.0901665, 0.0427145, 0.0971559, 0.0468609, 
71.2179, 1.01516, -2.68444, 1.03672, -2.68795, 1.00473, -2.69117, 0.0707846, 0.0440267, 0.0816183, 0.0472151, 
71.2678, 1.0022, -2.68424, 1.03672, -2.68795, 1.01223, -2.67986, 0.0578456, 0.0449027, 0.0689472, 0.0491201, 
71.3431, 0.982667, -2.68395, 1.03672, -2.68795, 1.0029, -2.68306, 0.0383604, 0.0462219, 0.0510709, 0.0428116, 
71.3932, 0.969745, -2.68375, 1.03672, -2.68795, 1.00631, -2.68063, 0.0254664, 0.0470948, 0.0392033, 0.0385049, 
71.4679, 0.956392, -2.68355, 1.03672, -2.68795, 1.00571, -2.67427, 0.012142, 0.0479969, 0.0221132, 0.0378234, 
71.5429, 0.956392, -2.68355, 1.03672, -2.68795, 0.995477, -2.67794, 0.012142, 0.0479969, 0.0199411, 0.0382654, 
71.5931, 0.956392, -2.68355, 1.03672, -2.68795, 0.988657, -2.6822, 0.012142, 0.0479969, 0.0198887, 0.0373558, 
71.6678, 0.956392, -2.68355, 1.03672, -2.68795, 1.00933, -2.66964, 0.012142, 0.0479969, 0.0185948, 0.0391084, 
71.7181, 0.956392, -2.68355, 1.03672, -2.68795, 1.00933, -2.66964, 0.012142, 0.0479969, 0.0185948, 0.0391084, 
71.7931, 0.956392, -2.68355, 1.03672, -2.68795, 1.00933, -2.66964, 0.012142, 0.0479969, 0.0185948, 0.0391084, 
71.8931, 0.956392, -2.68355, 1.03672, -2.68795, 1.00933, -2.66964, 0.012142, 0.0479969, 0.0185948, 0.0391084, 
71.918, 0.956392, -2.68355, 1.03672, -2.68795, 1.00933, -2.66964, 0.012142, 0.0479969, 0.0185948, 0.0391084, 
72.0182, 0.956392, -2.68355, 1.03672, -2.68795, 1.00933, -2.66964, 0.012142, 0.0479969, 0.0185948, 0.0391084, 
72.0432, 0.956392, -2.68355, 1.03672, -2.68795, 1.00933, -2.66964, 0.012142, 0.0479969, 0.0185948, 0.0391084, 
72.1432, 0.956392, -2.68355, 1.03672, -2.68795, 1.00933, -2.66964, 0.012142, 0.0479969, 0.0185948, 0.0391084, 
72.2181, 0.956392, -2.68355, 1.03672, -2.68795, 1.00933, -2.66964, 0.012142, 0.0479969, 0.0185948, 0.0391084, 
72.2679, 0.956392, -2.68355, 1.03672, -2.68795, 1.00933, -2.66964, 0.012142, 0.0479969, 0.0185948, 0.0391084, 
72.3431, 0.956392, -2.68355, 1.03672, -2.68795, 1.00933, -2.66964, 0.012142, 0.0479969, 0.0185948, 0.0391084, 
72.3929, 0.956392, -2.68355, 1.03672, -2.68795, 1.00933, -2.66964, 0.012142, 0.0479969, 0.0185948, 0.0391084, 
72.4679, 0.956392, -2.68355, 1.03672, -2.68795, 1.00933, -2.66964, 0.012142, 0.0479969, 0.0185948, 0.0391084, 
72.5433, 0.956392, -2.68355, 1.03672, -2.68795, 1.00933, -2.66964, 0.012142, 0.0479969, 0.0185948, 0.0391084, 
72.5929, 0.956392, -2.68355, 1.03672, -2.68795, 1.00933, -2.66964, 0.012142, 0.0479969, 0.0185948, 0.0391084, 
72.6679, 0.956392, -2.68355, 1.03672, -2.68795, 1.00933, -2.66964, 0.012142, 0.0479969, 0.0185948, 0.0391084, 
72.7432, 0.956392, -2.68355, 1.03672, -2.68795, 1.00933, -2.66964, 0.012142, 0.0479969, 0.0185948, 0.0391084, 
72.7929, 0.956392, -2.68355, 1.03672, -2.68795, 1.00933, -2.66964, 0.012142, 0.0479969, 0.0185948, 0.0391084, 
72.8929, 0.956392, -2.68355, 1.03672, -2.68795, 1.00933, -2.66964, 0.012142, 0.0479969, 0.0185948, 0.0391084, 
72.9178, 0.956392, -2.68355, 1.03672, -2.68795, 1.00933, -2.66964, 0.012142, 0.0479969, 0.0185948, 0.0391084, 
73.0181, 0.956392, -2.68355, 1.03672, -2.68795, 1.00933, -2.66964, 0.012142, 0.0479969, 0.0185948, 0.0391084, 
73.0441, 0.956392, -2.68355, 1.03672, -2.68795, 1.00933, -2.66964, 0.012142, 0.0479969, 0.0185948, 0.0391084, 
73.143, 0.956392, -2.68355, 1.03672, -2.68795, 1.00933, -2.66964, 0.012142, 0.0479969, 0.0185948, 0.0391084, 
73.2181, 0.956392, -2.68355, 1.03672, -2.68795, 1.00933, -2.66964, 0.012142, 0.0479969, 0.0185948, 0.0391084, 
73.2679, 0.956392, -2.68355, 1.03672, -2.68795, 1.00933, -2.66964, 0.012142, 0.0479969, 0.0185948, 0.0391084, 
73.3444, 0.956392, -2.68355, 1.03672, -2.68795, 1.00933, -2.66964, 0.012142, 0.0479969, 0.0185948, 0.0391084, 
73.3934, 0.956392, -2.68355, 1.03672, -2.68795, 1.00933, -2.66964, 0.012142, 0.0479969, 0.0185948, 0.0391084, 
73.468, 0.956392, -2.68355, 1.03672, -2.68795, 1.00933, -2.66964, 0.012142, 0.0479969, 0.0185948, 0.0391084, 
73.5431, 0.956392, -2.68355, 1.03672, -2.68795, 1.00933, -2.66964, 0.012142, 0.0479969, 0.0185948, 0.0391084, 
73.5931, 0.956392, -2.68355, 1.03672, -2.68795, 1.00933, -2.66964, 0.012142, 0.0479969, 0.0185948, 0.0391084, 
73.6681, 0.956392, -2.68355, 1.03672, -2.68795, 1.00933, -2.66964, 0.012142, 0.0479969, 0.0185948, 0.0391084, 
73.7429, 0.956392, -2.68355, 1.03672, -2.68795, 1.00933, -2.66964, 0.012142, 0.0479969, 0.0185948, 0.0391084, 
73.7929, 0.956392, -2.68355, 1.03672, -2.68795, 1.00933, -2.66964, 0.012142, 0.0479969, 0.0185948, 0.0391084, 
73.8931, 0.956392, -2.68355, 1.03672, -2.68795, 1.00933, -2.66964, 0.012142, 0.0479969, 0.0185948, 0.0391084, 
73.9181, 0.956392, -2.68355, 1.03672, -2.68795, 1.00933, -2.66964, 0.012142, 0.0479969, 0.0185948, 0.0391084, 
74.0182, 0.956392, -2.68355, 1.03672, -2.68795, 1.00933, -2.66964, 0.012142, 0.0479969, 0.0185948, 0.0391084, 
74.0429, 0.956392, -2.68355, 1.03672, -2.68795, 1.00933, -2.66964, 0.012142, 0.0479969, 0.0185948, 0.0391084, 
74.1429, 0.956392, -2.68355, 1.03672, -2.68795, 1.00933, -2.66964, 0.012142, 0.0479969, 0.0185948, 0.0391084, 
74.2183, 0.956392, -2.68355, 1.03672, -2.68795, 1.00933, -2.66964, 0.012142, 0.0479969, 0.0185948, 0.0391084, 
74.2683, 0.956392, -2.68355, 1.03672, -2.68795, 1.00933, -2.66964, 0.012142, 0.0479969, 0.0185948, 0.0391084, 
74.3429, 0.956392, -2.68355, 1.03672, -2.68795, 1.00933, -2.66964, 0.012142, 0.0479969, 0.0185948, 0.0391084, 
74.4181, 0.956392, -2.68355, 1.03672, -2.68795, 1.00933, -2.66964, 0.012142, 0.0479969, 0.0185948, 0.0391084, 
74.4682, 0.956392, -2.68355, 1.03672, -2.68795, 1.00933, -2.66964, 0.012142, 0.0479969, 0.0185948, 0.0391084, 
74.5429, 0.956392, -2.68355, 1.03672, -2.68795, 1.00933, -2.66964, 0.012142, 0.0479969, 0.0185948, 0.0391084, 
74.5931, 0.956392, -2.68355, 1.03672, -2.68795, 1.00933, -2.66964, 0.012142, 0.0479969, 0.0185948, 0.0391084, 
74.6682, 0.956392, -2.68355, 1.03672, -2.68795, 1.00933, -2.66964, 0.012142, 0.0479969, 0.0185948, 0.0391084, 
74.7429, 0.956392, -2.68355, 1.03672, -2.68795, 1.00933, -2.66964, 0.012142, 0.0479969, 0.0185948, 0.0391084, 
74.7931, 0.956392, -2.68355, 1.03672, -2.68795, 1.00933, -2.66964, 0.012142, 0.0479969, 0.0185948, 0.0391084, 
74.8931, 0.956392, -2.68355, 1.03672, -2.68795, 1.00933, -2.66964, 0.012142, 0.0479969, 0.0185948, 0.0391084, 
74.9181, 0.956392, -2.68355, 1.03672, -2.68795, 1.00933, -2.66964, 0.012142, 0.0479969, 0.0185948, 0.0391084, 
75.0179, 0.956392, -2.68355, 1.03672, -2.68795, 1.00933, -2.66964, 0.012142, 0.0479969, 0.0185948, 0.0391084, 
75.0435, 0.956392, -2.68355, 1.03672, -2.68795, 1.00933, -2.66964, 0.012142, 0.0479969, 0.0185948, 0.0391084, 
75.1429, 0.956392, -2.68355, 1.03672, -2.68795, 1.00933, -2.66964, 0.012142, 0.0479969, 0.0185948, 0.0391084, 
-1.46644e+09, 0.956392, -2.68355, 1.03672, -2.68795, 1.00933, -2.66964, 0.012142, 0.0479969, 0.0185948, 0.0391084, 
-1.46644e+09, 0.956392, -2.68355, 1.03672, -2.68795, 1.00933, -2.66964, 0.012142, 0.0479969, 0.0185948, 0.0391084, 
-1.46644e+09, 0.956392, -2.68355, 1.03672, -2.68795, 1.00933, -2.66964, 0.012142, 0.0479969, 0.0185948, 0.0391084, 
-1.46644e+09, 0.956392, -2.68355, 1.03672, -2.68795, 1.00933, -2.66964, 0.012142, 0.0479969, 0.0185948, 0.0391084, 
