-1.46555e+09, -1.40674, 2.82142, -1.33869, 2.89059, -1.40674, 2.82142
0.261818, -1.40674, 2.82142, -1.30764, 2.88945, -1.40674, 2.82142
0.336847, -1.40674, 2.82142, -1.30764, 2.88945, -1.40674, 2.82142
0.386817, -1.40674, 2.82142, -1.30764, 2.88945, -1.40674, 2.82142
0.461812, -1.40674, 2.82142, -1.30764, 2.88945, -1.40674, 2.82142
0.536814, -1.40674, 2.82142, -1.30764, 2.88945, -1.40674, 2.82142
0.561821, -1.40674, 2.82142, -1.30764, 2.88945, -1.40674, 2.82142
0.662577, -1.40674, 2.82142, -1.30764, 2.88945, -1.40674, 2.82142
0.686834, -1.40674, 2.82142, -1.30764, 2.88945, -1.40674, 2.82142
0.786821, -1.40674, 2.82142, -1.30764, 2.88945, -1.40674, 2.82142
0.861811, -1.40674, 2.82142, -1.30764, 2.88945, -1.40674, 2.82142
0.911817, -1.40674, 2.82142, -1.30764, 2.88945, -1.40674, 2.82142
0.986814, -1.40674, 2.82142, -1.30764, 2.88945, -1.40674, 2.82142
1.03682, -1.40674, 2.82142, -1.30764, 2.88945, -1.40674, 2.82142
1.11182, -1.40674, 2.82142, -1.30764, 2.88945, -1.40674, 2.82142
1.18681, -1.40674, 2.82142, -1.30764, 2.88945, -1.40674, 2.82142
1.23681, -1.40674, 2.82142, -1.30764, 2.88945, -1.40674, 2.82142
1.31181, -1.40674, 2.82142, -1.30764, 2.88945, -1.40674, 2.82142
1.38681, -1.40674, 2.82142, -1.30764, 2.88945, -1.40674, 2.82142
1.43681, -1.40674, 2.82142, -1.30764, 2.88945, -1.40674, 2.82142
1.53685, -1.40674, 2.82142, -1.30764, 2.88945, -1.40674, 2.82142
1.56183, -1.40674, 2.82142, -1.30764, 2.88945, -1.40674, 2.82142
1.66183, -1.40674, 2.82142, -1.30764, 2.88945, -1.40674, 2.82142
1.68684, -1.40674, 2.82142, -1.30764, 2.88945, -1.40674, 2.82142
1.78684, -1.40674, 2.82142, -1.30764, 2.88945, -1.40674, 2.82142
1.86182, -1.40674, 2.82142, -1.30764, 2.88945, -1.40674, 2.82142
1.91184, -1.40674, 2.82142, -1.30764, 2.88945, -1.40674, 2.82142
1.98686, -1.40674, 2.82142, -1.30764, 2.88945, -1.40674, 2.82142
2.03682, -1.40674, 2.82142, -1.30764, 2.88945, -1.40674, 2.82142
2.11181, -1.40674, 2.82142, -1.30764, 2.88945, -1.40674, 2.82142
2.18684, -1.40674, 2.82142, -1.30764, 2.88945, -1.40674, 2.82142
2.23682, -1.40674, 2.82142, -1.30764, 2.88945, -1.40674, 2.82142
2.31182, -1.40674, 2.82142, -1.30764, 2.88945, -1.40674, 2.82142
2.38685, -1.40674, 2.82142, -1.30764, 2.88945, -1.40674, 2.82142
2.43682, -1.40674, 2.82142, -1.30764, 2.88945, -1.40674, 2.82142
2.53681, -1.40674, 2.82142, -1.30764, 2.88945, -1.40674, 2.82142
2.56181, -1.40674, 2.82142, -1.30764, 2.88945, -1.40674, 2.82142
2.66182, -1.40674, 2.82142, -1.30764, 2.88945, -1.40674, 2.82142
2.68681, -1.40674, 2.82142, -1.30764, 2.88945, -1.40674, 2.82142
2.78681, -1.40674, 2.82142, -1.30764, 2.88945, -1.40674, 2.82142
2.86182, -1.40674, 2.82142, -1.30764, 2.88945, -1.40674, 2.82142
2.91182, -1.40674, 2.82142, -1.30764, 2.88945, -1.40674, 2.82142
2.98684, -1.40674, 2.82142, -1.30764, 2.88945, -1.40674, 2.82142
3.03681, -1.40674, 2.82142, -1.30764, 2.88945, -1.40674, 2.82142
3.11183, -1.40674, 2.82142, -1.30764, 2.88945, -1.40674, 2.82142
3.18684, -1.40674, 2.82142, -1.30764, 2.88945, -1.40674, 2.82142
3.23687, -1.40674, 2.82142, -1.30764, 2.88945, -1.40674, 2.82142
3.31181, -1.40674, 2.82142, -1.30764, 2.88945, -1.40674, 2.82142
3.38684, -1.40674, 2.82142, -1.30764, 2.88945, -1.40674, 2.82142
3.43682, -1.40674, 2.82142, -1.30764, 2.88945, -1.40674, 2.82142
3.53684, -1.40674, 2.82142, -1.30764, 2.88945, -1.40674, 2.82142
3.56183, -1.40674, 2.82142, -1.30764, 2.88945, -1.40674, 2.82142
3.66181, -1.40674, 2.82142, -1.30764, 2.88945, -1.40674, 2.82142
3.68681, -1.40674, 2.82142, -1.30764, 2.88945, -1.40674, 2.82142
3.78682, -1.416, 2.82156, -1.35092, 2.87348, -1.40968, 2.81906
3.86181, -1.44448, 2.82198, -1.37787, 2.87345, -1.43812, 2.82488
3.91181, -1.46346, 2.82227, -1.3829, 2.89855, -1.43979, 2.83148
3.98682, -1.49194, 2.8227, -1.41261, 2.88558, -1.46981, 2.83416
4.03685, -1.51094, 2.82298, -1.43892, 2.86724, -1.49329, 2.83427
4.11185, -1.5394, 2.82341, -1.46226, 2.8626, -1.54204, 2.8237
4.18682, -1.56788, 2.82383, -1.4674, 2.87012, -1.56286, 2.82709
4.23681, -1.58686, 2.82412, -1.49768, 2.87142, -1.57847, 2.82866
4.31183, -1.61534, 2.82455, -1.54529, 2.87382, -1.60025, 2.83197
4.38682, -1.64382, 2.82497, -1.56195, 2.85579, -1.63239, 2.82769
4.43681, -1.6628, 2.82526, -1.58206, 2.86401, -1.65062, 2.82789
4.53681, -1.70077, 2.82583, -1.62348, 2.87334, -1.71012, 2.81462
4.56189, -1.7103, 2.82597, -1.6393, 2.87398, -1.71837, 2.81636
4.66181, -1.74823, 2.82654, -1.67934, 2.87536, -1.74217, 2.8344
4.68681, -1.75772, 2.82668, -1.6842, 2.90047, -1.74451, 2.83608
4.78683, -1.7957, 2.82725, -1.72293, 2.87031, -1.78073, 2.83618
4.86181, -1.82418, 2.82768, -1.72846, 2.89124, -1.81698, 2.83338
4.91182, -1.84315, 2.82796, -1.77071, 2.89, -1.82804, 2.83851
4.98693, -1.87168, 2.82839, -1.80169, 2.87468, -1.85447, 2.83698
5.03681, -1.89062, 2.82868, -1.81562, 2.86758, -1.87304, 2.83588
5.11183, -1.91909, 2.8291, -1.84774, 2.88106, -1.91547, 2.82693
5.18684, -1.94758, 2.82953, -1.86306, 2.88875, -1.95146, 2.81698
5.23683, -1.96656, 2.82982, -1.89668, 2.89295, -1.9737, 2.81587
5.31181, -1.99502, 2.83024, -1.92366, 2.87696, -2.00164, 2.8237
5.38685, -2.02351, 2.83067, -1.9466, 2.87255, -2.01707, 2.82964
5.43681, -2.04249, 2.83095, -1.96957, 2.8735, -2.03954, 2.82751
5.53682, -2.08046, 2.83152, -2.00966, 2.87411, -2.07714, 2.82026
5.56183, -2.08996, 2.83167, -2.01121, 2.89362, -2.08991, 2.82276
5.66181, -2.12792, 2.83224, -2.04259, 2.87814, -2.13432, 2.81455
5.68683, -2.13741, 2.83238, -2.05287, 2.88305, -2.13935, 2.81857
5.78687, -2.1754, 2.83295, -2.09863, 2.88112, -2.18459, 2.81278
5.86181, -2.20386, 2.83338, -2.13006, 2.8748, -2.20449, 2.82415
5.91182, -2.22284, 2.83366, -2.14237, 2.88699, -2.21789, 2.82809
5.98681, -2.25132, 2.83409, -2.18348, 2.88247, -2.24626, 2.82495
6.03682, -2.27031, 2.83437, -2.20413, 2.88294, -2.26822, 2.82759
6.11182, -2.29878, 2.8348, -2.22193, 2.87293, -2.29673, 2.82837
6.18685, -2.32727, 2.83523, -2.2556, 2.87752, -2.32982, 2.82022
6.23681, -2.34623, 2.83551, -2.26458, 2.8856, -2.34586, 2.82473
6.31182, -2.37472, 2.83594, -2.29801, 2.88581, -2.37657, 2.82372
6.38685, -2.40321, 2.83637, -2.32296, 2.88777, -2.4243, 2.80813
6.43681, -2.42216, 2.83665, -2.34365, 2.88478, -2.42539, 2.81632
6.53689, -2.46017, 2.83722, -2.37505, 2.89595, -2.46592, 2.81593
6.56183, -2.46965, 2.83736, -2.38338, 2.88462, -2.47261, 2.82078
6.66184, -2.50762, 2.83793, -2.43781, 2.88236, -2.50539, 2.82723
6.68681, -2.51709, 2.83807, -2.43942, 2.89167, -2.51687, 2.82448
6.7868, -2.55507, 2.83864, -2.47871, 2.89135, -2.55631, 2.82661
6.86183, -2.58356, 2.83907, -2.50762, 2.88241, -2.57801, 2.82879
6.91182, -2.60253, 2.83936, -2.53213, 2.88474, -2.59628, 2.83092
6.98682, -2.63101, 2.83978, -2.55067, 2.89417, -2.61976, 2.83496
7.03681, -2.64999, 2.84007, -2.56745, 2.89594, -2.64927, 2.82536
7.11181, -2.67846, 2.84049, -2.59862, 2.89183, -2.68415, 2.82442
7.18682, -2.70695, 2.84092, -2.6398, 2.88868, -2.70685, 2.83111
7.23704, -2.72602, 2.84121, -2.64424, 2.89664, -2.72078, 2.83523
7.31182, -2.75439, 2.84163, -2.67258, 2.89607, -2.75007, 2.83211
7.38682, -2.78288, 2.84206, -2.70559, 2.88716, -2.78393, 2.82823
7.43683, -2.80187, 2.84235, -2.72328, 2.8915, -2.80346, 2.82701
7.53681, -2.83983, 2.84292, -2.76097, 2.89134, -2.83512, 2.83398
7.56181, -2.84933, 2.84306, -2.77662, 2.88972, -2.84645, 2.83587
7.66181, -2.83765, 2.88101, -2.78428, 2.91205, -2.8444, 2.86454
7.68682, -2.7826, 2.9282, -2.71684, 2.96898, -2.79261, 2.90826
7.78682, -2.55372, 3.10633, -2.48718, 3.13975, -2.57183, 3.08574
7.86181, -2.37352, 3.22825, -2.31058, 3.25456, -2.38181, 3.21331
7.91182, -2.24971, 3.30371, -2.19436, 3.32348, -2.28225, 3.27783
7.98683, -2.05871, 3.40804, -1.98939, 3.43081, -2.07842, 3.39329
8.03683, -1.92825, 3.47145, -1.85702, 3.4948, -1.94047, 3.46411
8.11182, -1.72842, 3.55712, -1.66942, 3.56726, -1.73442, 3.55485
8.18682, -1.52385, 3.63134, -1.45407, 3.6393, -1.54306, 3.62297
8.23681, -1.38531, 3.67428, -1.30754, 3.68513, -1.40359, 3.66753
8.31181, -1.1747, 3.72876, -1.11331, 3.72718, -1.18517, 3.72341
8.38683, -0.961242, 3.77117, -0.884525, 3.77313, -0.98473, 3.76546
8.43681, -0.817861, 3.79264, -0.74584, 3.78576, -0.841639, 3.78642
8.53684, -0.528994, 3.81921, -0.445236, 3.81184, -0.55114, 3.8101
8.5618, -0.45656, 3.82241, -0.400087, 3.81421, -0.474014, 3.81527
8.66181, -0.166546, 3.82148, -0.105599, 3.81023, -0.18826, 3.81875
8.68682, -0.0941297, 3.81781, -0.013312, 3.80126, -0.125977, 3.81818
8.78684, 0.194567, 3.78938, 0.269048, 3.76746, 0.17572, 3.79273
8.86181, 0.409118, 3.75374, 0.463176, 3.73541, 0.380732, 3.76073
8.91181, 0.550668, 3.72326, 0.605992, 3.70086, 0.516134, 3.73226
8.98685, 0.761271, 3.66735, 0.825338, 3.62666, 0.729403, 3.67444
9.03681, 0.899435, 3.62354, 0.972095, 3.57409, 0.865823, 3.63225
9.11182, 1.10349, 3.54802, 1.15253, 3.51239, 1.09349, 3.55153
9.18686, 1.30298, 3.46097, 1.37105, 3.41519, 1.29321, 3.46614
9.23682, 1.43292, 3.39677, 1.49287, 3.34488, 1.42118, 3.40157
9.31185, 1.62311, 3.29129, 1.67438, 3.24743, 1.6104, 3.29923
9.38685, 1.80715, 3.17505, 1.86638, 3.10689, 1.79728, 3.18157
9.43681, 1.92592, 3.0919, 1.97925, 3.03709, 1.90235, 3.11244
9.53682, 2.15362, 2.91233, 2.20121, 2.85601, 2.13367, 2.92544
9.56182, 2.20841, 2.86474, 2.24253, 2.80723, 2.19242, 2.874
9.66183, 2.41814, 2.66432, 2.4602, 2.60919, 2.40454, 2.67499
9.68685, 2.46818, 2.61174, 2.52162, 2.54417, 2.4552, 2.62115
9.78685, 2.65791, 2.3924, 2.69413, 2.32254, 2.64739, 2.3975
9.86184, 2.78897, 2.21881, 2.80996, 2.15862, 2.77589, 2.22627
9.91182, 2.87074, 2.09909, 2.89908, 2.03649, 2.85196, 2.11495
9.98686, 2.90154, 2.02471, 2.94577, 1.94439, 2.8979, 2.02501
10.0368, 2.88258, 2.025, 2.93051, 1.94428, 2.88305, 2.02766
10.1118, 2.85412, 2.02543, 2.90687, 1.93898, 2.86154, 2.01636
10.1868, 2.82562, 2.02585, 2.87139, 1.9413, 2.83077, 2.0205
10.2369, 2.80662, 2.02614, 2.85807, 1.93869, 2.81251, 2.02349
10.3118, 2.77817, 2.02657, 2.83512, 1.93467, 2.78035, 2.03048
10.3868, 2.74969, 2.02699, 2.8005, 1.94577, 2.75266, 2.03203
10.4368, 2.7307, 2.02728, 2.78293, 1.93682, 2.73246, 2.0308
10.5368, 2.69272, 2.02785, 2.74495, 1.93739, 2.69498, 2.03357
10.5618, 2.68325, 2.02799, 2.73548, 1.93753, 2.68452, 2.03454
10.6618, 2.61039, 2.09464, 2.66464, 2.00537, 2.62, 2.0801
10.6868, 2.57024, 2.1499, 2.62617, 2.06168, 2.57814, 2.1369
10.7868, 2.39913, 2.36331, 2.4616, 2.27959, 2.40455, 2.35542
10.8618, 2.26044, 2.51452, 2.32757, 2.43449, 2.27384, 2.50186
10.9118, 2.16331, 2.61081, 2.23343, 2.53338, 2.18499, 2.58912
10.9868, 2.01471, 2.74424, 2.089, 2.67081, 2.03641, 2.72617
11.0368, 1.9825, 2.75821, 2.05722, 2.68522, 1.99628, 2.75104
11.1118, 1.95402, 2.75864, 2.02874, 2.68565, 1.96221, 2.75263
11.1868, 1.92553, 2.75907, 2.00026, 2.68607, 1.92755, 2.75458
11.2368, 1.90655, 2.75935, 1.98128, 2.68636, 1.90522, 2.75661
11.3118, 1.87809, 2.75978, 1.95281, 2.68678, 1.8714, 2.76113
11.3868, 1.8496, 2.76021, 1.92432, 2.68721, 1.84776, 2.75664
11.4368, 1.83061, 2.76049, 1.90533, 2.6875, 1.82361, 2.76129
11.5368, 1.79265, 2.76106, 1.86737, 2.68807, 1.79219, 2.75849
11.5618, 1.78315, 2.7612, 1.85787, 2.68821, 1.78503, 2.75423
11.6618, 1.74519, 2.76177, 1.81991, 2.68878, 1.75145, 2.7498
11.6868, 1.7357, 2.76191, 1.81042, 2.68892, 1.74336, 2.75023
11.7868, 1.69772, 2.76248, 1.97913, -0.6231, 1.69831, 2.75777
11.8618, 1.66924, 2.76291, 1.66506, 2.76221, 1.66289, 2.76298
11.9118, 1.65027, 2.7632, 1.649, 2.76274, 1.64649, 2.76538
11.9868, 1.62177, 2.76362, 1.61669, 2.76304, 1.61994, 2.76521
12.0368, 1.6028, 2.76391, 1.60089, 2.76359, 1.60579, 2.75887
12.1118, 1.57432, 2.76434, 1.56886, 2.76354, 1.57936, 2.75939
12.1868, 1.55689, 2.75837, 1.54833, 2.75527, 1.55445, 2.75973
12.2368, 1.66006, 2.685, 1.65121, 2.68602, 1.64375, 2.69586
12.3118, 1.80944, 2.56769, 1.79086, 2.57419, 1.80415, 2.56736
12.3869, 1.95194, 2.44203, 1.93662, 2.4503, 1.94285, 2.44937
12.4368, 2.04276, 2.35394, 2.03401, 2.35492, 2.02247, 2.37394
12.5368, 2.2141, 2.16769, 2.20545, 2.16933, 2.20287, 2.18298
12.5618, 2.25479, 2.11901, 2.24617, 2.12082, 2.24162, 2.13719
12.6618, 2.40775, 1.91729, 2.39929, 1.91975, 2.40303, 1.93047
12.6869, 2.4436, 1.86503, 2.43519, 1.86766, 2.43959, 1.8766
12.7868, 2.57677, 1.64968, 2.56858, 1.65293, 2.56571, 1.67052
12.8618, 2.66566, 1.48196, 2.65266, 1.49831, 2.66123, 1.49539
12.9118, 2.71957, 1.36743, 2.70568, 1.39127, 2.70589, 1.39235
12.9868, 2.79221, 1.19195, 2.7832, 1.19391, 2.77603, 1.21977
13.0368, 2.83504, 1.07278, 2.82968, 1.08457, 2.82562, 1.08777
13.1118, 2.86986, 0.938758, 2.86765, 0.930382, 2.86608, 0.937016
13.1868, 2.84137, 0.939185, 2.84033, 0.935215, 2.84543, 0.928241
13.2368, 2.8224, 0.93947, 2.82013, 0.942205, 2.82467, 0.929439
13.3118, 2.79392, 0.939897, 2.79166, 0.942632, 2.79533, 0.929186
13.3868, 2.76545, 0.940324, 2.76319, 0.943059, 2.76895, 0.935452
13.4368, 2.74645, 0.940609, 2.74419, 0.943344, 2.7487, 0.94075
13.5368, 2.70849, 0.941178, 2.70622, 0.943913, 2.70916, 0.936887
13.5621, 2.69889, 0.941322, 2.69663, 0.944057, 2.69896, 0.937321
13.6618, 2.66103, 0.94189, 2.65877, 0.944625, 2.66289, 0.940489
13.6868, 2.65154, 0.942033, 2.64928, 0.944768, 2.65467, 0.93742
13.7868, 2.61357, 0.942602, 2.61131, 0.945337, 2.61686, 0.945585
13.8618, 2.58509, 0.943029, 2.58283, 0.945764, 2.58549, 0.942757
13.9118, 2.56612, 0.943314, 2.56385, 0.946049, 2.56626, 0.945444
13.9868, 2.53763, 0.943741, 2.53537, 0.946476, 2.53937, 0.949495
14.0369, 2.51864, 0.944026, 2.51638, 0.946761, 2.51958, 0.962347
14.1118, 2.49018, 0.944453, 2.48791, 0.947188, 2.48808, 0.951262
14.1868, 2.46169, 0.944881, 2.45942, 0.947616, 2.45942, 0.949118
14.2368, 2.4427, 0.945165, 2.44043, 0.947901, 2.4416, 0.949357
14.3118, 2.41423, 0.945592, 2.41197, 0.948328, 2.41287, 0.950327
14.3868, 2.38575, 0.94602, 2.38348, 0.948755, 2.38639, 0.944697
14.4368, 2.36677, 0.946304, 2.36451, 0.94904, 2.36861, 0.946358
14.5368, 2.32881, 0.946874, 2.32654, 0.949609, 2.32767, 0.956417
14.5618, 2.3193, 0.947017, 2.32117, 0.948165, 2.31826, 0.957559
14.6618, 2.28134, 0.947586, 2.28246, 0.943976, 2.28123, 0.955642
14.6869, 2.27183, 0.947729, 2.26977, 0.950332, 2.27385, 0.953551
14.7868, 2.23388, 0.948298, 2.2348, 0.947154, 2.23834, 0.951499
14.8618, 2.20539, 0.948725, 2.20793, 0.947137, 2.20909, 0.955413
14.9118, 2.18642, 0.94901, 2.18841, 0.950074, 2.1882, 0.962152
14.9868, 2.15793, 0.949437, 2.16019, 0.94903, 2.16127, 0.952795
15.0368, 2.13896, 0.949722, 2.13899, 0.950856, 2.14179, 0.956482
15.1119, 2.11046, 0.950149, 2.11343, 0.950546, 2.11153, 0.957412
15.1869, 2.08199, 0.950576, 2.0812, 0.946976, 2.08541, 0.951041
15.2368, 2.06301, 0.950861, 2.06513, 0.950546, 2.066, 0.95485
15.3118, 2.03459, 0.951287, 2.03574, 0.947787, 2.03567, 0.956779
15.3868, 2.00607, 0.951715, 2.00397, 0.954334, 2.00718, 0.954936
15.4368, 1.98708, 0.952, 1.98387, 0.95539, 1.99171, 0.95602
15.5368, 1.9491, 0.95257, 1.94809, 0.948634, 1.95451, 0.957919
15.5618, 1.93964, 0.952712, 1.93977, 0.955062, 1.94495, 0.958008
15.6618, 1.90165, 0.953282, 1.9001, 0.945839, 1.90422, 0.972
15.6868, 1.89215, 0.953424, 1.89348, 0.952861, 1.89564, 0.969478
15.7868, 1.85419, 0.953994, 1.85561, 0.954161, 1.85933, 0.952633
15.8618, 1.82571, 0.954421, 1.82534, 0.948676, 1.83003, 0.953754
15.9118, 1.80673, 0.954706, 1.80622, 0.948755, 1.80989, 0.948304
15.9868, 1.77825, 0.955133, 1.78016, 0.954955, 1.77999, 0.952952
16.0368, 1.75926, 0.955418, 1.76003, 0.954056, 1.76312, 0.954028
16.1118, 1.73078, 0.955845, 1.73118, 0.958027, 1.7371, 0.951822
16.1868, 1.75012, 0.886558, 1.74328, 0.896398, 1.74605, 0.90456
16.2368, 1.78213, 0.807112, 1.77561, 0.817282, 1.77709, 0.829507
16.3118, 1.82439, 0.685919, 1.81545, 0.704919, 1.8278, 0.696473
16.3868, 1.85969, 0.56247, 1.85364, 0.565886, 1.86458, 0.576837
16.4368, 1.87927, 0.479205, 1.87491, 0.484186, 1.88069, 0.495928
16.5369, 1.90892, 0.310617, 1.90748, 0.318754, 1.91376, 0.327889
16.5618, 1.91432, 0.268225, 1.91163, 0.285295, 1.91919, 0.28691
16.6618, 1.92785, 0.097664, 1.92473, 0.117558, 1.93386, 0.117162
16.6868, 1.9292, 0.0548732, 1.92271, 0.0586628, 1.93678, 0.0748304
16.7868, 1.9265, -0.116215, 1.92565, -0.109195, 1.9358, -0.103415
16.8618, 1.91597, -0.244091, 1.91706, -0.226583, 1.92566, -0.232102
16.9119, 1.90489, -0.329014, 1.90605, -0.309984, 1.91853, -0.304991
16.9868, 1.88227, -0.455341, 1.87725, -0.450043, 1.89587, -0.434712
17.0369, 1.8632, -0.538797, 1.86037, -0.532675, 1.87647, -0.522807
17.1118, 1.82873, -0.662354, 1.8311, -0.647458, 1.84153, -0.652142
17.1868, 1.78725, -0.783811, 1.78921, -0.776765, 1.80248, -0.769681
17.2368, 1.75579, -0.86338, 1.75856, -0.856346, 1.77109, -0.850397
17.3118, 1.70299, -0.980366, 1.70985, -0.965784, 1.71671, -0.971371
17.3868, 1.6436, -1.09418, 1.64593, -1.08751, 1.65818, -1.08138
17.4368, 1.60044, -1.16812, 1.60159, -1.1615, 1.6175, -1.15352
17.5368, 1.51478, -1.29042, 1.51362, -1.2902, 1.52927, -1.28224
17.5618, 1.50528, -1.29028, 1.50922, -1.28645, 1.51711, -1.28665
17.6618, 1.46732, -1.28971, 1.47111, -1.28754, 1.47733, -1.29026
17.6868, 1.45783, -1.28957, 1.4596, -1.28874, 1.4685, -1.28978
17.7868, 1.41986, -1.289, 1.42159, -1.28864, 1.42814, -1.29073
17.8618, 1.39139, -1.28857, 1.39511, -1.28697, 1.39596, -1.29367
17.9119, 1.37238, -1.28829, 1.37205, -1.288, 1.38041, -1.28948
17.9868, 1.34392, -1.28786, 1.34582, -1.28562, 1.34926, -1.28847
18.0368, 1.32494, -1.28757, 1.32438, -1.28741, 1.32764, -1.28776
18.1118, 1.29646, -1.28715, 1.30015, -1.28608, 1.30251, -1.291
18.1869, 1.26797, -1.28672, 1.26703, -1.28652, 1.2802, -1.28513
18.2368, 1.249, -1.28644, 1.24457, -1.28593, 1.2597, -1.2841
18.3118, 1.22053, -1.28601, 1.22308, -1.28597, 1.22496, -1.28968
18.3868, 1.19204, -1.28558, 1.19089, -1.28536, 1.19183, -1.29223
18.4368, 1.17306, -1.2853, 1.16982, -1.2849, 1.18289, -1.28811
18.5368, 1.13508, -1.28473, 1.13701, -1.28214, 1.14962, -1.2798
18.5618, 1.12559, -1.28458, 1.1292, -1.28456, 1.13789, -1.28312
18.6618, 1.08762, -1.28401, 1.08957, -1.28393, 1.09568, -1.28446
18.6869, 1.07813, -1.28387, 1.07984, -1.28376, 1.08478, -1.28423
18.7868, 1.04015, -1.2833, 1.04186, -1.28337, 1.04709, -1.28418
18.8618, 1.01169, -1.28288, 1.01388, -1.28281, 1.01716, -1.2841
18.9118, 0.992711, -1.28259, 0.995673, -1.28259, 1.00153, -1.28196
18.9869, 0.964223, -1.28216, 0.966217, -1.27881, 0.973742, -1.28213
19.0369, 0.94523, -1.28188, 0.942187, -1.2815, 0.960605, -1.27929
19.1119, 0.916751, -1.28145, 0.916386, -1.28116, 0.928193, -1.28089
19.1868, 0.88828, -1.28102, 0.890107, -1.27944, 0.898169, -1.28416
19.2368, 0.86931, -1.28074, 0.866119, -1.28034, 0.880535, -1.28215
19.3118, 0.84084, -1.28031, 0.841802, -1.28014, 0.851915, -1.27938
19.3869, 0.812331, -1.27988, 0.809826, -1.27955, 0.821677, -1.2795
19.4368, 0.793375, -1.2796, 0.794302, -1.27956, 0.806287, -1.27668
19.5368, 0.755409, -1.27903, 0.75583, -1.27895, 0.759975, -1.28027
19.5618, 0.745903, -1.27889, 0.748265, -1.27884, 0.750917, -1.27956
19.6618, 0.707941, -1.27832, 0.711049, -1.27833, 0.715867, -1.28073
19.6869, 0.698434, -1.27818, 0.69628, -1.27787, 0.708371, -1.27902
19.7868, 0.660474, -1.27761, 0.660391, -1.27748, 0.669056, -1.27678
19.8618, 0.631992, -1.27718, 0.632156, -1.27694, 0.636329, -1.27794
19.9118, 0.613013, -1.27689, 0.611292, -1.27649, 0.617146, -1.27487
19.9868, 0.584538, -1.27647, 0.584082, -1.27631, 0.588902, -1.27771
20.0368, 0.565562, -1.27618, 0.563849, -1.27592, 0.569192, -1.27455
20.1118, 0.537078, -1.27576, 0.537302, -1.27552, 0.543201, -1.27656
20.1868, 0.508604, -1.27533, 0.510463, -1.2734, 0.51725, -1.2761
20.2368, 0.489622, -1.27504, 0.491421, -1.27386, 0.497156, -1.27739
20.3118, 0.52739, -1.24383, 0.51362, -1.24963, 0.533856, -1.24288
20.3868, 0.597116, -1.19332, 0.592312, -1.19645, 0.603533, -1.19231
20.4368, 0.641941, -1.1575, 0.637892, -1.15866, 0.644059, -1.16108
20.5368, 0.727335, -1.08088, 0.720173, -1.08485, 0.731106, -1.08037
20.5618, 0.747778, -1.06071, 0.736708, -1.06885, 0.754262, -1.05987
20.6619, 0.825531, -0.976333, 0.814359, -0.98545, 0.825391, -0.981713
20.6868, 0.843946, -0.954341, 0.840053, -0.955629, 0.843824, -0.960157
20.7868, 0.913356, -0.862974, 0.908427, -0.867796, 0.920288, -0.864471
20.8618, 0.960752, -0.791136, 0.95468, -0.799505, 0.968275, -0.792666
20.9118, 0.990056, -0.741774, 0.982178, -0.752242, 0.999696, -0.748145
20.9868, 1.03042, -0.665785, 1.02593, -0.671454, 1.03582, -0.677753
21.0368, 1.05491, -0.613881, 1.05231, -0.618819, 1.06274, -0.625833
21.1118, 1.08789, -0.534399, 1.08311, -0.545056, 1.09647, -0.536122
21.1868, 1.1163, -0.453147, 1.11205, -0.459918, 1.1242, -0.45638
21.2368, 1.13265, -0.398132, 1.12906, -0.404766, 1.13858, -0.404681
21.3118, 1.15323, -0.314574, 1.14971, -0.323782, 1.15762, -0.318438
21.3869, 1.16903, -0.229908, 1.16622, -0.236934, 1.17499, -0.233941
21.4368, 1.17687, -0.173066, 1.17407, -0.180453, 1.18434, -0.180478
21.5368, 1.18604, -0.0587219, 1.18313, -0.0670899, 1.19708, -0.0684658
21.5618, 1.18697, -0.030012, 1.18632, -0.0413698, 1.19679, -0.038881
21.6618, 1.18527, 0.0846849, 1.18547, 0.0733099, 1.19691, 0.0880634
21.6868, 1.18348, 0.113362, 1.1839, 0.101993, 1.19549, 0.112039
21.7868, 1.1709, 0.22737, 1.17219, 0.216066, 1.18259, 0.227195
21.8618, 1.15581, 0.312108, 1.15774, 0.300895, 1.16853, 0.309328
21.9118, 1.1409, 0.346447, 1.14309, 0.335282, 1.15745, 0.344815
21.9868, 1.11241, 0.346875, 1.1146, 0.33571, 1.13116, 0.344723
22.0368, 1.09343, 0.347159, 1.09562, 0.335994, 1.10887, 0.346872
22.1118, 1.06496, 0.347586, 1.06714, 0.336421, 1.07751, 0.344012
22.1868, 1.03649, 0.348013, 1.03868, 0.336848, 1.05048, 0.345507
22.2368, 1.0175, 0.348298, 1.01968, 0.337133, 1.03235, 0.348325
22.3119, 0.988989, 0.348726, 0.991174, 0.337561, 1.00275, 0.345854
22.3868, 0.960535, 0.349153, 0.96272, 0.337988, 0.974362, 0.340465
22.4368, 0.941565, 0.349438, 0.94375, 0.338272, 0.957914, 0.351613
22.5368, 0.903593, 0.350007, 0.905779, 0.338842, 0.920756, 0.346762
22.5618, 0.894095, 0.35015, 0.89628, 0.338985, 0.910103, 0.346994
22.6618, 0.85613, 0.350719, 0.858316, 0.339554, 0.869767, 0.358485
22.6868, 0.846633, 0.350862, 0.848818, 0.339697, 0.86046, 0.357958
22.7868, 0.808656, 0.351431, 0.810841, 0.340266, 0.824759, 0.352575
22.8618, 0.780187, 0.351858, 0.782372, 0.340693, 0.796754, 0.348025
22.9119, 0.761198, 0.352143, 0.763383, 0.340978, 0.775098, 0.350856
22.9868, 0.73273, 0.35257, 0.734915, 0.341405, 0.748191, 0.348279
23.0369, 0.713722, 0.352855, 0.715907, 0.34169, 0.727725, 0.347419
23.1118, 0.685275, 0.353282, 0.687461, 0.342117, 0.698921, 0.348042
23.1868, 0.656799, 0.353709, 0.658985, 0.342544, 0.673577, 0.349497
23.2368, 0.637816, 0.353994, 0.640001, 0.342829, 0.653846, 0.352374
23.3118, 0.609328, 0.354421, 0.611513, 0.343256, 0.626721, 0.35504
23.3868, 0.580857, 0.354849, 0.583042, 0.343683, 0.593128, 0.358751
23.4368, 0.56187, 0.355133, 0.564055, 0.343968, 0.573149, 0.358593
23.5368, 0.52752, 0.377916, 0.529997, 0.366812, 0.539959, 0.381287
23.5618, 0.520335, 0.393901, 0.523021, 0.382846, 0.531272, 0.396129
23.6618, 0.488321, 0.456945, 0.491839, 0.446125, 0.500179, 0.456027
23.6868, 0.479592, 0.472283, 0.483314, 0.461532, 0.492709, 0.471541
23.7868, 0.441807, 0.531902, 0.446335, 0.521465, 0.456825, 0.533083
23.8618, 0.410567, 0.574628, 0.415682, 0.564465, 0.423961, 0.576949
23.9118, 0.38841, 0.602095, 0.393907, 0.592134, 0.40622, 0.600921
23.9868, 0.353255, 0.641675, 0.35931, 0.632043, 0.367178, 0.642916
24.0368, 0.340779, 0.654686, 0.347019, 0.645174, 0.347655, 0.661731
24.1118, 0.340779, 0.654686, 0.347019, 0.645174, 0.342924, 0.657947
24.1868, 0.340779, 0.654686, 0.347019, 0.645174, 0.341338, 0.656549
24.2368, 0.340779, 0.654686, 0.347019, 0.645174, 0.34061, 0.657305
24.3118, 0.340779, 0.654686, 0.347019, 0.645174, 0.341016, 0.65719
24.3868, 0.340779, 0.654686, 0.347019, 0.645174, 0.341219, 0.657042
24.4368, 0.340779, 0.654686, 0.347019, 0.645174, 0.341073, 0.657227
24.5368, 0.340779, 0.654686, 0.347019, 0.645174, 0.341134, 0.657149
24.5618, 0.340779, 0.654686, 0.347019, 0.645174, 0.341012, 0.657304
24.6618, 0.340779, 0.654686, 0.347019, 0.645174, 0.34089, 0.657459
24.6868, 0.340779, 0.654686, 0.347019, 0.645174, 0.34089, 0.657459
24.7869, 0.340779, 0.654686, 0.347019, 0.645174, 0.34089, 0.657459
24.8618, 0.340779, 0.654686, 0.347019, 0.645174, 0.34089, 0.657459
24.9118, 0.340779, 0.654686, 0.347019, 0.645174, 0.34089, 0.657459
24.9868, 0.340779, 0.654686, 0.347019, 0.645174, 0.34089, 0.657459
25.0368, 0.340779, 0.654686, 0.347019, 0.645174, 0.34089, 0.657459
25.1118, 0.340779, 0.654686, 0.347019, 0.645174, 0.34089, 0.657459
25.1868, 0.340779, 0.654686, 0.347019, 0.645174, 0.34089, 0.657459
25.2368, 0.340779, 0.654686, 0.347019, 0.645174, 0.34089, 0.657459
25.3118, 0.340779, 0.654686, 0.347019, 0.645174, 0.34089, 0.657459
25.3868, 0.340779, 0.654686, 0.347019, 0.645174, 0.34089, 0.657459
25.4368, 0.323532, 0.67187, 0.33002, 0.662524, 0.325865, 0.67414
25.5368, 0.271062, 0.719064, 0.27824, 0.710237, 0.280653, 0.723703
25.5618, 0.257391, 0.730233, 0.264735, 0.721545, 0.266192, 0.735818
25.6618, 0.200691, 0.772236, 0.206639, 0.76565, 0.209518, 0.781153
25.6868, 0.186017, 0.782063, 0.188747, 0.77985, 0.194466, 0.792177
25.7868, 0.125569, 0.818515, 0.127339, 0.816694, 0.130089, 0.824274
25.8618, 0.0785383, 0.842772, 0.0825317, 0.839208, 0.0897507, 0.844519
25.9118, 0.0464354, 0.857445, 0.0538446, 0.851228, 0.0663767, 0.849602
25.9868, -0.00268927, 0.877139, 0.00189175, 0.872226, 0.014033, 0.871806
26.0368, -0.0360281, 0.8887, -0.0329049, 0.887791, -0.0156364, 0.885097
26.1118, -0.0868118, 0.903653, -0.0807688, 0.901711, -0.0721573, 0.901209
26.1868, -0.138401, 0.915698, -0.134306, 0.913489, -0.119412, 0.91244
26.2368, -0.173088, 0.922078, -0.16795, 0.918589, -0.152616, 0.919202
26.3118, -0.225553, 0.929175, -0.220215, 0.927446, -0.212644, 0.927983
26.3869, -0.278363, 0.933274, -0.273085, 0.930685, -0.268222, 0.931486
26.4368, -0.313614, 0.934332, -0.309585, 0.933356, -0.294094, 0.931786
26.5368, -0.384166, 0.93243, -0.588655, 1.00536, -0.364779, 0.932409
26.5618, -0.401785, 0.931116, -0.882588, 0.905233, -0.381758, 0.931139
26.6618, -0.471819, 0.922537, -0.695334, 0.823181, -0.446451, 0.920133
26.6868, -0.489209, 0.919564, -0.686532, 0.967691, -0.461826, 0.918554
26.7868, -0.558132, 0.904383, -0.761089, 0.802389, -0.53443, 0.905958
26.8618, -0.608963, 0.889587, -0.799517, 0.855398, -0.58596, 0.891451
26.9118, -0.642326, 0.878132, -0.826279, 0.709461, -0.616439, 0.881471
26.9868, -0.691535, 0.858582, -0.876079, 0.76383, -0.668943, 0.863
27.0368, -0.723708, 0.843995, -1.13815, 0.670965, -0.708283, 0.845938
27.1118, -0.770816, 0.81988, -0.943651, 0.681978, -0.74965, 0.8245
27.1868, -0.816488, 0.793114, -0.997317, 0.679072, -0.786885, 0.804549
27.2369, -0.846077, 0.773831, -1.02842, 0.666461, -0.815926, 0.788445
27.3118, -0.889002, 0.742859, -1.01251, 0.475922, -0.864646, 0.75817
27.3868, -0.930096, 0.709491, -1.12056, 0.584691, -0.913152, 0.722346
27.4368, -0.956414, 0.685965, -1.11278, 0.484917, -0.935472, 0.701601
27.5368, -1.00627, 0.63601, -1.16121, 0.409934, -0.981598, 0.653844
27.5618, -1.01812, 0.622947, -1.14515, 0.362609, -0.993393, 0.640656
27.6618, -1.06301, 0.568493, -1.27747, 0.406126, -1.0431, 0.585132
27.6868, -1.07358, 0.554359, -1.24425, 0.319083, -1.05544, 0.571738
27.7868, -1.08409, 0.53972, -1.22234, 0.25847, -1.07751, 0.55019
27.8618, -1.08409, 0.53972, -1.22234, 0.25847, -1.07901, 0.551027
27.9118, -1.08409, 0.53972, -1.22234, 0.25847, -1.07396, 0.564335
27.9868, -1.08409, 0.53972, -1.22234, 0.25847, -1.07456, 0.563683
28.0368, -1.08409, 0.53972, -1.22234, 0.25847, -1.07375, 0.564358
28.1118, -1.08409, 0.53972, -1.22234, 0.25847, -1.07338, 0.56472
28.1868, -1.08409, 0.53972, -1.22234, 0.25847, -1.07386, 0.564168
28.2368, -1.0939, 0.525505, -1.27409, 0.292399, -1.08257, 0.54912
28.3118, -1.1223, 0.480806, -1.32763, 0.255911, -1.11031, 0.495637
28.3868, -1.14809, 0.434591, -1.15624, 0.309668, -1.13889, 0.445072
28.4368, -1.16381, 0.403001, -1.14978, 0.41476, -1.15284, 0.414497
28.5368, -1.1916, 0.338111, -1.18257, 0.342289, -1.18505, 0.345156
28.5618, -1.19777, 0.321569, -1.18171, 0.32902, -1.19144, 0.330206
28.6618, -1.21928, 0.254364, -1.20681, 0.264182, -1.21669, 0.262534
28.6868, -1.22386, 0.237317, -1.21422, 0.243231, -1.22031, 0.245757
28.7869, -1.2298, 0.212951, -1.22002, 0.215521, -1.22906, 0.207729
28.8618, -1.2298, 0.212951, -1.22002, 0.215521, -1.23016, 0.210272
28.9118, -1.2298, 0.212951, -1.22002, 0.215521, -1.22262, 0.195806
28.9868, -1.2298, 0.212951, -1.22002, 0.215521, -1.22269, 0.194461
29.0368, -1.2298, 0.212951, -1.22002, 0.215521, -1.2227, 0.194529
29.1118, -1.2298, 0.212951, -1.22002, 0.215521, -1.2227, 0.194517
29.1869, -1.2298, 0.212951, -1.22002, 0.215521, -1.2227, 0.194567
29.2368, -1.2298, 0.212951, -1.22002, 0.215521, -1.22271, 0.194639
29.3118, -1.2298, 0.212951, -1.22002, 0.215521, -1.22275, 0.194946
29.3868, -1.2298, 0.212951, -1.22002, 0.215521, -1.22276, 0.195037
29.4368, -1.2298, 0.212951, -1.22002, 0.215521, -1.22277, 0.195087
29.5369, -1.2298, 0.212951, -1.22002, 0.215521, -1.22285, 0.195713
29.5618, -1.2298, 0.212951, -1.22002, 0.215521, -1.22288, 0.195951
29.6618, -1.2298, 0.212951, -1.22002, 0.215521, -1.22299, 0.196738
29.6868, -1.23352, 0.196062, -1.21889, 0.200287, -1.22737, 0.183125
29.7868, -1.2454, 0.126489, -1.23592, 0.138558, -1.24081, 0.106472
29.8618, -1.25083, 0.0738328, -1.24442, 0.090253, -1.24567, 0.0553842
29.9118, -1.25278, 0.0386048, -1.24147, 0.053125, -1.25138, 0.026659
29.9868, -1.2532, -0.0143143, -1.24733, 0.000322829, -1.25067, -0.0255215
30.0368, -1.2518, -0.0495936, -1.24045, -0.0370122, -1.24808, -0.0652463
30.1118, -1.24719, -0.102318, -1.24122, -0.0857276, -1.24137, -0.112739
30.1868, -1.24179, -0.141539, -1.22972, -0.137672, -1.23572, -0.140295
30.2369, -1.24669, -0.106554, -1.23896, -0.103544, -1.24096, -0.111308
30.3118, -1.25154, -0.0538757, -1.24017, -0.0534779, -1.24704, -0.055525
30.3868, -1.25338, -0.000946278, -1.24336, 0.00190848, -1.24694, -0.00426226
30.4368, -1.25293, 0.0343329, -1.24151, 0.0372012, -1.24561, 0.0209882
30.5368, -1.24801, 0.104743, -1.24083, 0.10916, -1.24577, 0.0776797
30.5618, -1.24595, 0.12227, -1.23624, 0.120365, -1.2437, 0.0970629
30.6618, -1.23438, 0.191884, -1.21842, 0.186236, -1.23402, 0.180057
30.6868, -1.23067, 0.209131, -1.22439, 0.214034, -1.22987, 0.197701
30.7868, -1.21256, 0.277352, -1.19857, 0.277696, -1.20782, 0.283451
30.8618, -1.19561, 0.327491, -1.18389, 0.319924, -1.18941, 0.332483
30.9118, -1.18273, 0.360361, -1.17368, 0.355126, -1.1768, 0.356993
30.9868, -1.17097, 0.39954, -1.15541, 0.400636, -1.16798, 0.397851
31.0368, -1.18996, 0.399825, -1.1792, 0.401888, -1.18934, 0.398802
31.1118, -1.21844, 0.400252, -1.20057, 0.40309, -1.21738, 0.401177
31.1868, -1.2469, 0.400679, -1.22752, 0.401565, -1.23937, 0.402069
31.2368, -1.26591, 0.400965, 2.59687, -0.399136, -1.25742, 0.4022
31.3118, -1.29436, 0.401391, -1.50151, -0.00018044, -1.28318, 0.399064
31.3869, -1.32286, 0.401819, -1.31885, 0.365894, -1.31284, 0.400644
31.4368, -1.34183, 0.402103, -1.33168, 0.373564, -1.33418, 0.394732
31.5368, -1.3798, 0.402673, -1.37004, 0.380227, -1.38304, 0.391237
31.5618, -1.3893, 0.402816, -1.38612, 0.370194, -1.39353, 0.392501
31.6618, -1.42727, 0.403385, -1.40858, 0.370887, -1.42832, 0.391127
31.6868, -1.43675, 0.403527, -1.42249, 0.372579, -1.435, 0.394136
31.7868, -1.47472, 0.404097, -1.45957, 0.3701, -1.46927, 0.404015
31.8618, -1.5032, 0.404524, -1.48391, 0.37254, -1.49404, 0.406847
31.9118, -1.52218, 0.404809, -1.50827, 0.382463, -1.512, 0.410123
31.9869, -1.55067, 0.405236, -1.54077, 0.40657, -1.54444, 0.409735
32.0368, -1.56965, 0.405521, -1.56679, 0.427206, -1.56307, 0.41356
32.1118, -1.59812, 0.405948, -1.58717, 0.407719, -1.58917, 0.405513
32.1868, -1.62661, 0.406376, -1.62125, 0.419648, -1.61194, 0.406992
32.2368, -1.64558, 0.40666, -1.64141, 0.402196, -1.63139, 0.406494
32.3118, -1.67405, 0.407087, -1.65468, 0.428648, -1.66417, 0.406638
32.3868, -1.70254, 0.407515, -1.70532, 0.42782, -1.69508, 0.405817
32.4368, -1.72152, 0.407799, -1.70808, 0.422559, -1.70909, 0.402148
32.5368, -1.75949, 0.408369, -1.75547, 0.382054, -1.75312, 0.410711
32.5618, -1.76898, 0.408511, -1.75734, 0.419805, -1.76243, 0.412628
32.6618, -1.80695, 0.409081, -1.80404, 0.418877, -1.79476, 0.418984
32.6868, -1.81644, 0.409223, -1.80908, 0.414227, -1.80595, 0.418708
32.7869, -1.85443, 0.409793, -1.85266, 0.414831, -1.8455, 0.410754
32.8618, -1.88289, 0.41022, -1.85994, 0.402668, -1.87201, 0.410961
32.9118, -1.90188, 0.410505, -1.89552, 0.415213, -1.89125, 0.409613
32.9868, -1.93036, 0.410932, -1.91394, 0.435035, -1.91631, 0.413017
33.0368, -1.94934, 0.411217, -1.93286, 0.414599, -1.93911, 0.414438
33.1118, -1.9778, 0.411644, -1.96016, 0.432504, -1.96927, 0.413078
33.1868, -2.00629, 0.412071, -2.00169, 0.400437, -1.99816, 0.412743
33.2368, -2.02527, 0.412356, -2.00883, 0.427218, -2.01785, 0.413603
33.3118, -2.05374, 0.412783, -2.04643, 0.399043, -2.04488, 0.417098
33.3868, -2.08222, 0.41321, -2.07686, 0.44251, -2.07342, 0.414318
33.4368, -2.10121, 0.413495, -2.08522, 0.435111, -2.09321, 0.407275
33.5368, -2.13918, 0.414065, -2.1114, 0.407321, -2.13419, 0.405795
33.5618, -2.14867, 0.414207, -2.13388, 0.43019, -2.14145, 0.403746
33.6618, -2.18664, 0.414777, -2.17254, 0.433347, -2.17648, 0.412659
33.6868, -2.19612, 0.414919, -2.18382, 0.419993, -2.18427, 0.416088
33.7868, -2.2341, 0.415489, -2.21823, 0.396299, -2.22595, 0.406775
33.8618, -2.26258, 0.415916, -2.25442, 0.436357, -2.25916, 0.407229
33.9118, -2.28155, 0.4162, -2.26474, 0.428956, -2.27889, 0.41285
33.9868, -2.31004, 0.416628, -2.29323, 0.440019, -2.30271, 0.416694
34.0368, -2.32902, 0.416912, -2.32, 0.423242, -2.31989, 0.422097
34.1118, -2.3575, 0.41734, -2.35304, 0.428161, -2.35082, 0.409805
34.1868, -2.38598, 0.417767, -2.37918, 0.41399, -2.37824, 0.423559
34.2368, -2.40496, 0.418052, -2.39507, 0.430639, -2.3951, 0.425517
34.3118, -2.43343, 0.418479, -2.41828, 0.44556, -2.42794, 0.414165
34.3868, -2.46191, 0.418906, -2.44781, 0.422465, -2.45652, 0.412415
34.4368, -2.48091, 0.419191, -2.46598, 0.44528, -2.47256, 0.420596
34.5368, -2.51887, 0.41976, -2.50845, 0.422172, -2.49923, 0.43554
34.5618, -2.52836, 0.419903, -2.50315, 0.420047, -2.51073, 0.435259
34.6618, -2.56633, 0.420472, -2.55313, 0.426353, -2.5606, 0.420197
34.6868, -2.57583, 0.420615, -2.56321, 0.446698, -2.56878, 0.420142
34.7868, -2.61379, 0.421184, -2.60171, 0.427799, -2.60875, 0.425004
34.8618, -2.64227, 0.421612, -2.63217, 0.43939, -2.63495, 0.422953
34.9118, -2.66125, 0.421896, -2.65253, 0.430149, -2.652, 0.427503
34.9868, -2.68973, 0.422324, -2.67728, 0.422877, -2.68013, 0.427244
35.0368, -2.70871, 0.422608, -2.69121, 0.445323, -2.6999, 0.41908
35.1118, -2.73719, 0.423035, -2.7149, 0.40936, -2.73171, 0.422721
35.1868, -2.76567, 0.423463, -2.75601, 0.44673, -2.75923, 0.417093
35.2368, -2.78463, 0.423747, -2.77574, 0.420681, -2.77614, 0.425793
35.3118, -2.81313, 0.424175, -2.80217, 0.435537, -2.80206, 0.43141
35.3868, -2.84161, 0.424602, -2.83233, 0.42864, -2.83349, 0.432686
35.4368, -2.86059, 0.424887, -2.84775, 0.434307, -2.84965, 0.4356
35.5368, -2.89857, 0.425456, -2.88699, 0.432896, -2.88858, 0.427814
35.5618, -2.90807, 0.425599, -2.89201, 0.427456, -2.89718, 0.431484
35.6618, -2.94602, 0.426168, -2.92865, 0.428194, -2.94126, 0.415551
35.6868, -2.95551, 0.426311, -2.94527, 0.429303, -2.94979, 0.420388
35.7868, -2.98481, 0.276577, -2.97287, 0.301655, -2.97581, 0.295432
35.8618, -2.99596, 0.124574, -2.97849, 0.14663, -2.98843, 0.146976
35.9118, -2.99858, 0.0230382, -2.99019, 0.0505055, -2.99119, 0.0470318
35.9868, -2.99528, -0.12931, -2.9858, -0.11473, -2.98958, -0.109348
36.0368, -2.98826, -0.230596, -2.97976, -0.216723, -2.98412, -0.209485
36.1118, -2.97054, -0.381848, -2.96521, -0.341518, -2.96533, -0.371903
36.1868, -2.94423, -0.53193, -2.94154, -0.50289, -2.94038, -0.516581
36.2368, -2.95065, -0.562986, -2.94186, -0.558183, -2.94622, -0.545793
36.3118, -2.97912, -0.562559, -2.97527, -0.540003, -2.975, -0.551858
36.3868, -3.00759, -0.562132, -2.99709, -0.56744, -3.00575, -0.542679
36.4368, -3.02658, -0.561847, -3.01523, -0.558128, -3.02191, -0.542084
36.5368, -3.06456, -0.561278, -3.05348, -0.565932, -3.05634, -0.559578
36.5618, -3.07405, -0.561135, -3.06743, -0.541583, -3.06514, -0.560159
36.6618, -3.11201, -0.560566, -3.10027, -0.54832, -3.1078, -0.560044
36.6868, -3.1215, -0.560423, -3.11842, -0.536516, -3.11573, -0.558837
36.7868, -3.15948, -0.559854, -3.15012, -0.547692, -3.1491, -0.552226
36.8618, -3.18796, -0.559427, -3.16501, -0.562083, -3.17664, -0.560629
36.9118, -3.20694, -0.559142, -3.19674, -0.546485, -3.19968, -0.550618
36.9868, -3.23541, -0.558715, -3.22669, -0.537748, -3.22595, -0.557787
37.0368, -3.2544, -0.55843, -3.24489, -0.544986, -3.24255, -0.554417
37.1118, -3.28288, -0.558003, -3.27381, -0.53613, -3.27496, -0.544568
37.1868, -3.30772, -0.567749, -3.30304, -0.537807, -3.30028, -0.558251
37.2368, -3.28385, -0.68054, -3.27991, -0.654113, -3.28108, -0.656795
37.3118, -3.24003, -0.847944, -3.23077, -0.818873, -3.23685, -0.831748
37.3868, -3.18674, -1.01261, -3.18384, -0.99204, -3.18709, -0.993043
37.4368, -3.14603, -1.12059, -3.14643, -1.09528, -3.14744, -1.10318
37.5368, -3.05251, -1.33147, -3.0448, -1.31654, -3.05277, -1.31497
37.5618, -3.02665, -1.38304, -3.02831, -1.35806, -3.02606, -1.36676
37.6618, -2.91353, -1.58414, -2.92845, -1.54443, -2.92052, -1.5495
37.6868, -2.88293, -1.63297, -2.87768, -1.61367, -2.89063, -1.59917
37.7868, -2.75129, -1.82241, -2.76445, -1.79684, -2.76119, -1.78176
37.8618, -2.64331, -1.95766, -2.649, -1.94373, -2.65552, -1.91858
37.9118, -2.56716, -2.04426, -2.58663, -2.01367, -2.58919, -2.00392
37.9868, -2.44686, -2.16866, -2.44692, -2.14856, -2.46148, -2.14405
38.0368, -2.36278, -2.24772, -2.37327, -2.22845, -2.36842, -2.23426
38.1118, -2.23124, -2.36014, -2.24983, -2.33435, -2.24041, -2.34443
38.1868, -2.09353, -2.46487, -2.10467, -2.45009, -2.11874, -2.43675
38.2368, -1.99848, -2.53028, -2.01538, -2.51337, -2.01842, -2.50719
38.3118, -1.87388, -2.61039, -1.87808, -2.59383, -1.89115, -2.59104
38.3868, -1.90238, -2.60997, -1.90543, -2.59595, -1.90961, -2.594
38.4368, -1.92136, -2.60968, -1.92963, -2.59781, -1.91845, -2.60583
38.5368, -1.95933, -2.60911, -1.96965, -2.59161, -1.96291, -2.60295
38.5618, -1.96883, -2.60897, -1.95942, -2.60238, -1.9692, -2.60593
38.6618, -2.00679, -2.6084, -1.99713, -2.60266, -2.00018, -2.61569
38.6868, -2.01628, -2.60826, -1.99242, -2.6165, -2.00778, -2.61466
38.7868, -2.05425, -2.60769, -2.03039, -2.61593, -2.04705, -2.60926
38.8618, -2.08273, -2.60726, -2.05887, -2.6155, -2.06809, -2.61454
38.9118, -2.10171, -2.60698, -2.07785, -2.61522, -2.09598, -2.6109
38.9868, -2.13019, -2.60655, -2.10633, -2.61479, -2.1125, -2.61884
39.0368, -2.14918, -2.60626, -2.12532, -2.61451, -2.13055, -2.61501
39.1118, -2.17765, -2.60584, -2.15379, -2.61408, -2.16469, -2.61062
39.1868, -2.20612, -2.60541, -2.18027, -2.61382, -2.19124, -2.61841
39.2368, -2.22512, -2.60512, -2.29214, -2.52795, -2.21452, -2.61556
39.3118, -2.25359, -2.6047, -2.31843, -2.52629, -2.25103, -2.59931
39.3868, -2.28207, -2.60427, -2.34906, -2.52856, -2.28136, -2.59408
39.4368, -2.30105, -2.60399, -2.36464, -2.53482, -2.29989, -2.59723
39.5368, -2.33902, -2.60342, -2.40264, -2.53016, -2.32362, -2.60982
39.5618, -2.34851, -2.60327, -2.41797, -2.52376, -2.33988, -2.60458
39.6618, -2.38648, -2.6027, -2.44271, -2.5295, -2.38621, -2.59638
39.6868, -2.39597, -2.60256, -2.44071, -2.53606, -2.39774, -2.595
39.7868, -2.43394, -2.60199, 1.03763, 0.725255, -2.42921, -2.60397
39.8618, -2.46243, -2.60156, -2.50824, -2.52469, -2.45544, -2.60484
39.9119, -2.48141, -2.60128, -2.53529, -2.53276, -2.47364, -2.60507
39.9868, -2.50988, -2.60085, -2.56894, -2.52773, -2.50044, -2.60152
40.0368, -2.52886, -2.60057, -2.59005, -2.52192, -2.51836, -2.6002
40.1119, -2.55736, -2.60014, -2.60719, -2.53535, -2.55771, -2.59313
40.1868, -2.58582, -2.59971, -2.63565, -2.53493, -2.58861, -2.58866
40.2368, -2.60481, -2.59943, -2.65463, -2.53464, -2.60532, -2.58777
40.3118, -2.63328, -2.599, -2.68311, -2.53421, -2.63203, -2.59092
40.3868, -2.66175, -2.59857, -2.71158, -2.53379, -2.66009, -2.5907
40.4368, -2.68074, -2.59829, -2.73057, -2.5335, -2.6744, -2.59339
40.5368, -2.71871, -2.59772, -2.76854, -2.53293, -2.71844, -2.5818
40.5618, -2.7282, -2.59758, -2.77803, -2.53279, -2.72859, -2.58039
40.6618, -2.76618, -2.59701, -2.816, -2.53222, -2.76208, -2.58391
40.6868, -2.77566, -2.59687, -2.82549, -2.53208, -2.77194, -2.58196
40.7868, -2.81364, -2.5963, -2.86347, -2.53151, -2.81123, -2.57541
40.8618, -2.84212, -2.59587, -2.89195, -2.53108, -2.84627, -2.5712
40.9118, -2.86109, -2.59558, -2.91092, -2.5308, -2.86612, -2.57256
40.9868, -2.88957, -2.59516, -2.9394, -2.53037, -2.88461, -2.58491
41.0368, -2.90856, -2.59487, -2.95838, -2.53008, -2.9017, -2.5913
41.1118, -2.93703, -2.59445, -2.98685, -2.52966, -2.93351, -2.59259
41.1868, -2.96551, -2.59402, -3.01534, -2.52923, -2.96071, -2.58561
41.2368, -2.98449, -2.59373, -3.03432, -2.52894, -2.98277, -2.58052
41.3118, -3.01297, -2.59331, -3.0628, -2.52852, -3.01237, -2.58143
41.3868, -3.04145, -2.59288, -3.09127, -2.52809, -3.04236, -2.58254
41.4368, -3.06043, -2.59259, -3.11026, -2.52781, -3.05851, -2.58088
41.5368, -3.08531, -2.59222, -3.13513, -2.52743, -3.09032, -2.57682
41.5618, -3.08531, -2.59222, -3.13513, -2.52743, -3.09093, -2.57464
41.6618, -3.08531, -2.59222, -3.13513, -2.52743, -3.08705, -2.56703
41.6868, -3.08531, -2.59222, -3.13513, -2.52743, -3.0786, -2.58226
41.7868, -3.08531, -2.59222, -3.13513, -2.52743, -3.07009, -2.59743
41.8618, -3.08531, -2.59222, -3.13513, -2.52743, -3.07009, -2.59743
41.9118, -3.08531, -2.59222, -3.13513, -2.52743, -3.07009, -2.59743
41.9868, -3.08531, -2.59222, -3.13513, -2.52743, -3.07009, -2.59743
42.0368, -3.08531, -2.59222, -3.13513, -2.52743, -3.07009, -2.59743
42.1118, -3.08531, -2.59222, -3.13513, -2.52743, -3.07009, -2.59743
42.1868, -3.08531, -2.59222, -3.13513, -2.52743, -3.07009, -2.59743
42.2368, -3.08531, -2.59222, -3.13513, -2.52743, -3.07009, -2.59743
42.3118, -3.08531, -2.59222, -3.13513, -2.52743, -3.07009, -2.59743
42.3868, -3.08531, -2.59222, -3.13513, -2.52743, -3.07009, -2.59743
42.4368, -3.08531, -2.59222, -3.13513, -2.52743, -3.07009, -2.59743
42.5368, -3.08531, -2.59222, -3.13513, -2.52743, -3.07009, -2.59743
42.5618, -3.08531, -2.59222, -3.13513, -2.52743, -3.07009, -2.59743
42.6618, -3.08531, -2.59222, -3.13513, -2.52743, -3.07009, -2.59743
42.6868, -3.08531, -2.59222, -3.13513, -2.52743, -3.07009, -2.59743
42.7868, -3.08531, -2.59222, -3.13513, -2.52743, -3.07009, -2.59743
42.8368, -3.08531, -2.59222, -3.13513, -2.52743, -3.07009, -2.59743
42.8871, -3.08531, -2.59222, -3.13513, -2.52743, -3.07009, -2.59743
42.9868, -3.08531, -2.59222, -3.13513, -2.52743, -3.07009, -2.59743
43.0618, -3.08531, -2.59222, -3.13513, -2.52743, -3.07009, -2.59743
43.1118, -3.08531, -2.59222, -3.13513, -2.52743, -3.07009, -2.59743
43.1868, -3.08531, -2.59222, -3.13513, -2.52743, -3.07009, -2.59743
43.2368, -3.08531, -2.59222, -3.13513, -2.52743, -3.07009, -2.59743
43.3118, -3.08531, -2.59222, -3.13513, -2.52743, -3.07009, -2.59743
43.3868, -3.08531, -2.59222, -3.13513, -2.52743, -3.07009, -2.59743
43.4368, -3.08531, -2.59222, -3.13513, -2.52743, -3.07009, -2.59743
43.5118, -3.08531, -2.59222, -3.13513, -2.52743, -3.07009, -2.59743
43.5868, -3.08531, -2.59222, -3.13513, -2.52743, -3.07009, -2.59743
43.6368, -3.08531, -2.59222, -3.13513, -2.52743, -3.07009, -2.59743
43.7368, -3.08531, -2.59222, -3.13513, -2.52743, -3.07009, -2.59743
43.7618, -3.08531, -2.59222, -3.13513, -2.52743, -3.07009, -2.59743
43.8618, -3.08531, -2.59222, -3.13513, -2.52743, 0, 0
